https://github.com/Activiti/Activiti|b11f757a48600e53aaf3fcb7a3ba1ece6c463cb4|42|Activiti-activiti-spring-boot-starter|org.activiti.spring.boot.tasks.TaskRuntimeClaimReleaseTest.aCreateStandaloneTaskForGroup|OD
https://github.com/Activiti/Activiti|b11f757a48600e53aaf3fcb7a3ba1ece6c463cb4|42|Activiti-activiti-spring-boot-starter|org.activiti.spring.boot.tasks.TaskRuntimeClaimReleaseTest.bClaimAndRelease|OD
https://github.com/Activiti/Activiti|b11f757a48600e53aaf3fcb7a3ba1ece6c463cb4|42|Activiti-activiti-spring-boot-starter|org.activiti.spring.boot.tasks.TaskRuntimeClaimReleaseTest.eCreateStandaloneTaskAndClaimAndReleaseUnAuthorized|OD
https://github.com/Activiti/Activiti|b11f757a48600e53aaf3fcb7a3ba1ece6c463cb4|42|Activiti-activiti-spring-boot-starter|org.activiti.spring.boot.tasks.TaskRuntimeClaimReleaseTest.fCreateStandaloneTaskAndClaimAndReleaseUnAuthorized|OD
https://github.com/Activiti/Activiti|b11f757a48600e53aaf3fcb7a3ba1ece6c463cb4|42|Activiti-activiti-spring-boot-starter|org.activiti.spring.boot.tasks.TaskRuntimeCompleteTaskTest.aCreateStandaloneTaskAndComplete|OD
https://github.com/Activiti/Activiti|b11f757a48600e53aaf3fcb7a3ba1ece6c463cb4|42|Activiti-activiti-spring-boot-starter|org.activiti.spring.boot.tasks.TaskRuntimeCompleteTaskTest.bCreateStandaloneTask|OD
https://github.com/Activiti/Activiti|b11f757a48600e53aaf3fcb7a3ba1ece6c463cb4|42|Activiti-activiti-spring-boot-starter|org.activiti.spring.boot.tasks.TaskRuntimeCompleteTaskTest.ctryCompletingWithUnauthorizedUser|OD
https://github.com/Activiti/Activiti|b11f757a48600e53aaf3fcb7a3ba1ece6c463cb4|42|Activiti-activiti-spring-boot-starter|org.activiti.spring.boot.tasks.TaskRuntimeDeleteTaskTest.aCreateStandaloneTaskAndDelete|OD
https://github.com/Activiti/Activiti|b11f757a48600e53aaf3fcb7a3ba1ece6c463cb4|42|Activiti-activiti-spring-boot-starter|org.activiti.spring.boot.tasks.TaskRuntimeDeleteTaskTest.cCreateStandaloneGroupTaskClaimAndDeleteFail|OD
https://github.com/Activiti/Activiti|b11f757a48600e53aaf3fcb7a3ba1ece6c463cb4|42|Activiti-activiti-spring-boot-starter|org.activiti.spring.boot.tasks.TaskRuntimeDeleteTaskTest.dClaimTaskCreatedForGroup|OD
https://github.com/Activiti/Activiti|b11f757a48600e53aaf3fcb7a3ba1ece6c463cb4|42|Activiti-activiti-spring-boot-starter|org.activiti.spring.boot.tasks.TaskRuntimeDeleteTaskTest.eClaimTaskCreatedForGroup|OD
https://github.com/Activiti/Activiti|b11f757a48600e53aaf3fcb7a3ba1ece6c463cb4|42|Activiti-activiti-spring-boot-starter|org.activiti.spring.boot.tasks.TaskRuntimeStandaloneTaskTest.aCreateStandaloneTaskForSalaboy|OD
https://github.com/Activiti/Activiti|b11f757a48600e53aaf3fcb7a3ba1ece6c463cb4|42|Activiti-activiti-spring-boot-starter|org.activiti.spring.boot.tasks.TaskRuntimeStandaloneTaskTest.bCreateStandaloneTaskForGroup|OD
https://github.com/Activiti/Activiti|b11f757a48600e53aaf3fcb7a3ba1ece6c463cb4|42|Activiti-activiti-spring-boot-starter|org.activiti.spring.boot.tasks.TaskRuntimeTaskAssigneeTest.aCreateStandaloneTaskForAnotherAssignee|OD
https://github.com/Activiti/Activiti|b11f757a48600e53aaf3fcb7a3ba1ece6c463cb4|42|Activiti-activiti-spring-boot-starter|org.activiti.spring.boot.tasks.TaskRuntimeTaskAssigneeTest.bCreateCheckTaskCreatedForSalaboyFromAnotherUser|OD
https://github.com/Activiti/Activiti|b11f757a48600e53aaf3fcb7a3ba1ece6c463cb4|42|Activiti-activiti-spring-boot-starter|org.activiti.spring.boot.tasks.TaskRuntimeTaskAssigneeTest.cCreateStandaloneTaskForGroupAndClaim|OD
https://github.com/Activiti/Activiti|b11f757a48600e53aaf3fcb7a3ba1ece6c463cb4|42|Activiti-activiti-spring-boot-starter|org.activiti.spring.boot.tasks.TaskRuntimeTaskForOtherTest.aCreateStandaloneTaskWithNoCandidates|OD
https://github.com/Activiti/Activiti|b11f757a48600e53aaf3fcb7a3ba1ece6c463cb4|42|Activiti-activiti-spring-boot-starter|org.activiti.spring.boot.tasks.TaskRuntimeTaskForOtherTest.bCheckThatTaskIsNotVisibleForNonCandidateUsers|OD
https://github.com/Activiti/Activiti|b11f757a48600e53aaf3fcb7a3ba1ece6c463cb4|42|Activiti-activiti-spring-boot-starter|org.activiti.spring.boot.tasks.TaskRuntimeUnAuthorizedTest.aCreateStandaloneTaskForGroup|OD
https://github.com/Activiti/Activiti|b11f757a48600e53aaf3fcb7a3ba1ece6c463cb4|42|Activiti-activiti-spring-boot-starter|org.activiti.spring.boot.tasks.TaskRuntimeUnAuthorizedTest.bClaimNotFoundBecauseYouAreNotACandidate|OD
https://github.com/Apache/Struts|13d9053050c9e4fb2ef049db6a37d3f6eebf48fa|61|Struts-plugins-portlet|org.apache.struts2.portlet.dispatcher.Jsr168DispatcherTest.testProcessAction_ok|OD
https://github.com/Apache/Struts|13d9053050c9e4fb2ef049db6a37d3f6eebf48fa|61|Struts-plugins-portlet|org.apache.struts2.portlet.dispatcher.Jsr168DispatcherTest.testRender_ok|OD
https://github.com/Apache/Struts|13d9053050c9e4fb2ef049db6a37d3f6eebf48fa|61|Struts-plugins-portlet|org.apache.struts2.portlet.dispatcher.Jsr286DispatcherTest.testProcessAction_ok|OD
https://github.com/Apache/Struts|13d9053050c9e4fb2ef049db6a37d3f6eebf48fa|61|Struts-plugins-portlet|org.apache.struts2.portlet.dispatcher.Jsr286DispatcherTest.testRender_ok|OD
https://github.com/CrawlScript/WebCollector|016b61a1f6e52cf2ffb048a2abcc01d767beb0ab|9|WebCollector-|cn.edu.hfut.dmic.webcollector.util.OkHttpRequesterTest.testHttpCode|NO
https://github.com/JodaOrg/joda-time|d1ea2a53929d7d56d4f4560852e5586517a0dd47|4223|joda-time-|org.joda.time.TestAllPackages.test_DateTime_minusDay_Gaza|NO
https://github.com/OryxProject/oryx|72ae4bb3cc49d92b77e76d8a30fca8b6549b8865|91|oryx-framework-oryx-common|com.cloudera.oryx.common.io.IOUtilsTest.testDistinctFreePorts|NO
https://github.com/TooTallNate/Java-WebSocket|fa3909c391195178ccf5a92d4ac342a30ae247c8|145|Java-WebSocket-|org.java_websocket.issues.Issue256Test.runReconnectBlockingScenario0|NO
https://github.com/TooTallNate/Java-WebSocket|fa3909c391195178ccf5a92d4ac342a30ae247c8|145|Java-WebSocket-|org.java_websocket.issues.Issue256Test.runReconnectBlockingScenario1|NO
https://github.com/TooTallNate/Java-WebSocket|fa3909c391195178ccf5a92d4ac342a30ae247c8|145|Java-WebSocket-|org.java_websocket.issues.Issue256Test.runReconnectBlockingScenario2|NO
https://github.com/TooTallNate/Java-WebSocket|fa3909c391195178ccf5a92d4ac342a30ae247c8|145|Java-WebSocket-|org.java_websocket.issues.Issue256Test.runReconnectBlockingScenario3|NO
https://github.com/TooTallNate/Java-WebSocket|fa3909c391195178ccf5a92d4ac342a30ae247c8|145|Java-WebSocket-|org.java_websocket.issues.Issue256Test.runReconnectBlockingScenario4|NO
https://github.com/TooTallNate/Java-WebSocket|fa3909c391195178ccf5a92d4ac342a30ae247c8|145|Java-WebSocket-|org.java_websocket.issues.Issue256Test.runReconnectBlockingScenario5|NO
https://github.com/TooTallNate/Java-WebSocket|fa3909c391195178ccf5a92d4ac342a30ae247c8|145|Java-WebSocket-|org.java_websocket.issues.Issue256Test.runReconnectBlockingScenario6|NO
https://github.com/TooTallNate/Java-WebSocket|fa3909c391195178ccf5a92d4ac342a30ae247c8|145|Java-WebSocket-|org.java_websocket.issues.Issue256Test.runReconnectBlockingScenario7|NO
https://github.com/TooTallNate/Java-WebSocket|fa3909c391195178ccf5a92d4ac342a30ae247c8|145|Java-WebSocket-|org.java_websocket.issues.Issue256Test.runReconnectBlockingScenario8|NO
https://github.com/TooTallNate/Java-WebSocket|fa3909c391195178ccf5a92d4ac342a30ae247c8|145|Java-WebSocket-|org.java_websocket.issues.Issue256Test.runReconnectBlockingScenario9|NO
https://github.com/TooTallNate/Java-WebSocket|fa3909c391195178ccf5a92d4ac342a30ae247c8|145|Java-WebSocket-|org.java_websocket.issues.Issue256Test.runReconnectScenario0|NO
https://github.com/TooTallNate/Java-WebSocket|fa3909c391195178ccf5a92d4ac342a30ae247c8|145|Java-WebSocket-|org.java_websocket.issues.Issue256Test.runReconnectScenario1|NO
https://github.com/TooTallNate/Java-WebSocket|fa3909c391195178ccf5a92d4ac342a30ae247c8|145|Java-WebSocket-|org.java_websocket.issues.Issue256Test.runReconnectScenario2|NO
https://github.com/TooTallNate/Java-WebSocket|fa3909c391195178ccf5a92d4ac342a30ae247c8|145|Java-WebSocket-|org.java_websocket.issues.Issue256Test.runReconnectScenario3|NO
https://github.com/TooTallNate/Java-WebSocket|fa3909c391195178ccf5a92d4ac342a30ae247c8|145|Java-WebSocket-|org.java_websocket.issues.Issue256Test.runReconnectScenario4|NO
https://github.com/TooTallNate/Java-WebSocket|fa3909c391195178ccf5a92d4ac342a30ae247c8|145|Java-WebSocket-|org.java_websocket.issues.Issue256Test.runReconnectScenario5|NO
https://github.com/TooTallNate/Java-WebSocket|fa3909c391195178ccf5a92d4ac342a30ae247c8|145|Java-WebSocket-|org.java_websocket.issues.Issue256Test.runReconnectScenario6|NO
https://github.com/TooTallNate/Java-WebSocket|fa3909c391195178ccf5a92d4ac342a30ae247c8|145|Java-WebSocket-|org.java_websocket.issues.Issue256Test.runReconnectScenario7|NO
https://github.com/TooTallNate/Java-WebSocket|fa3909c391195178ccf5a92d4ac342a30ae247c8|145|Java-WebSocket-|org.java_websocket.issues.Issue256Test.runReconnectScenario8|NO
https://github.com/TooTallNate/Java-WebSocket|fa3909c391195178ccf5a92d4ac342a30ae247c8|145|Java-WebSocket-|org.java_websocket.issues.Issue256Test.runReconnectScenario9|NO
https://github.com/TooTallNate/Java-WebSocket|fa3909c391195178ccf5a92d4ac342a30ae247c8|145|Java-WebSocket-|org.java_websocket.issues.Issue580Test.runNoCloseBlockingTestScenario0|NO
https://github.com/TooTallNate/Java-WebSocket|fa3909c391195178ccf5a92d4ac342a30ae247c8|145|Java-WebSocket-|org.java_websocket.issues.Issue580Test.runNoCloseBlockingTestScenario2|NO
https://github.com/TooTallNate/Java-WebSocket|fa3909c391195178ccf5a92d4ac342a30ae247c8|145|Java-WebSocket-|org.java_websocket.issues.Issue580Test.runNoCloseBlockingTestScenario3|NO
https://github.com/TooTallNate/Java-WebSocket|fa3909c391195178ccf5a92d4ac342a30ae247c8|145|Java-WebSocket-|org.java_websocket.issues.Issue580Test.runNoCloseBlockingTestScenario4|NO
https://github.com/TooTallNate/Java-WebSocket|fa3909c391195178ccf5a92d4ac342a30ae247c8|145|Java-WebSocket-|org.java_websocket.issues.Issue580Test.runNoCloseBlockingTestScenario5|NO
https://github.com/TooTallNate/Java-WebSocket|fa3909c391195178ccf5a92d4ac342a30ae247c8|145|Java-WebSocket-|org.java_websocket.issues.Issue580Test.runNoCloseBlockingTestScenario8|NO
https://github.com/TooTallNate/Java-WebSocket|fa3909c391195178ccf5a92d4ac342a30ae247c8|145|Java-WebSocket-|org.java_websocket.issues.Issue677Test.testIssue|NO
https://github.com/TooTallNate/Java-WebSocket|fa3909c391195178ccf5a92d4ac342a30ae247c8|145|Java-WebSocket-|org.java_websocket.issues.Issue713Test.testIssue|NO
https://github.com/TooTallNate/Java-WebSocket|fa3909c391195178ccf5a92d4ac342a30ae247c8|145|Java-WebSocket-|org.java_websocket.misc.OpeningHandshakeRejectionTest.testHandshakeRejectionTestCase0|NO
https://github.com/TooTallNate/Java-WebSocket|fa3909c391195178ccf5a92d4ac342a30ae247c8|145|Java-WebSocket-|org.java_websocket.misc.OpeningHandshakeRejectionTest.testHandshakeRejectionTestCase1|NO
https://github.com/TooTallNate/Java-WebSocket|fa3909c391195178ccf5a92d4ac342a30ae247c8|145|Java-WebSocket-|org.java_websocket.misc.OpeningHandshakeRejectionTest.testHandshakeRejectionTestCase10|NO
https://github.com/TooTallNate/Java-WebSocket|fa3909c391195178ccf5a92d4ac342a30ae247c8|145|Java-WebSocket-|org.java_websocket.misc.OpeningHandshakeRejectionTest.testHandshakeRejectionTestCase11|NO
https://github.com/TooTallNate/Java-WebSocket|fa3909c391195178ccf5a92d4ac342a30ae247c8|145|Java-WebSocket-|org.java_websocket.misc.OpeningHandshakeRejectionTest.testHandshakeRejectionTestCase2|NO
https://github.com/TooTallNate/Java-WebSocket|fa3909c391195178ccf5a92d4ac342a30ae247c8|145|Java-WebSocket-|org.java_websocket.misc.OpeningHandshakeRejectionTest.testHandshakeRejectionTestCase3|NO
https://github.com/TooTallNate/Java-WebSocket|fa3909c391195178ccf5a92d4ac342a30ae247c8|145|Java-WebSocket-|org.java_websocket.misc.OpeningHandshakeRejectionTest.testHandshakeRejectionTestCase4|NO
https://github.com/TooTallNate/Java-WebSocket|fa3909c391195178ccf5a92d4ac342a30ae247c8|145|Java-WebSocket-|org.java_websocket.misc.OpeningHandshakeRejectionTest.testHandshakeRejectionTestCase5|NO
https://github.com/TooTallNate/Java-WebSocket|fa3909c391195178ccf5a92d4ac342a30ae247c8|145|Java-WebSocket-|org.java_websocket.misc.OpeningHandshakeRejectionTest.testHandshakeRejectionTestCase6|NO
https://github.com/TooTallNate/Java-WebSocket|fa3909c391195178ccf5a92d4ac342a30ae247c8|145|Java-WebSocket-|org.java_websocket.misc.OpeningHandshakeRejectionTest.testHandshakeRejectionTestCase7|NO
https://github.com/TooTallNate/Java-WebSocket|fa3909c391195178ccf5a92d4ac342a30ae247c8|145|Java-WebSocket-|org.java_websocket.misc.OpeningHandshakeRejectionTest.testHandshakeRejectionTestCase8|NO
https://github.com/TooTallNate/Java-WebSocket|fa3909c391195178ccf5a92d4ac342a30ae247c8|145|Java-WebSocket-|org.java_websocket.misc.OpeningHandshakeRejectionTest.testHandshakeRejectionTestCase9|NO
https://github.com/TooTallNate/Java-WebSocket|fa3909c391195178ccf5a92d4ac342a30ae247c8|145|Java-WebSocket-|org.java_websocket.protocols.ProtoclHandshakeRejectionTest.testHandshakeRejectionTestCase10|NO
https://github.com/TooTallNate/Java-WebSocket|fa3909c391195178ccf5a92d4ac342a30ae247c8|145|Java-WebSocket-|org.java_websocket.protocols.ProtoclHandshakeRejectionTest.testHandshakeRejectionTestCase11|NO
https://github.com/TooTallNate/Java-WebSocket|fa3909c391195178ccf5a92d4ac342a30ae247c8|145|Java-WebSocket-|org.java_websocket.protocols.ProtoclHandshakeRejectionTest.testHandshakeRejectionTestCase13|NO
https://github.com/TooTallNate/Java-WebSocket|fa3909c391195178ccf5a92d4ac342a30ae247c8|145|Java-WebSocket-|org.java_websocket.protocols.ProtoclHandshakeRejectionTest.testHandshakeRejectionTestCase14|NO
https://github.com/TooTallNate/Java-WebSocket|fa3909c391195178ccf5a92d4ac342a30ae247c8|145|Java-WebSocket-|org.java_websocket.protocols.ProtoclHandshakeRejectionTest.testHandshakeRejectionTestCase16|NO
https://github.com/TooTallNate/Java-WebSocket|fa3909c391195178ccf5a92d4ac342a30ae247c8|145|Java-WebSocket-|org.java_websocket.protocols.ProtoclHandshakeRejectionTest.testHandshakeRejectionTestCase17|NO
https://github.com/TooTallNate/Java-WebSocket|fa3909c391195178ccf5a92d4ac342a30ae247c8|145|Java-WebSocket-|org.java_websocket.protocols.ProtoclHandshakeRejectionTest.testHandshakeRejectionTestCase2|NO
https://github.com/TooTallNate/Java-WebSocket|fa3909c391195178ccf5a92d4ac342a30ae247c8|145|Java-WebSocket-|org.java_websocket.protocols.ProtoclHandshakeRejectionTest.testHandshakeRejectionTestCase3|NO
https://github.com/TooTallNate/Java-WebSocket|fa3909c391195178ccf5a92d4ac342a30ae247c8|145|Java-WebSocket-|org.java_websocket.protocols.ProtoclHandshakeRejectionTest.testHandshakeRejectionTestCase4|NO
https://github.com/TooTallNate/Java-WebSocket|fa3909c391195178ccf5a92d4ac342a30ae247c8|145|Java-WebSocket-|org.java_websocket.protocols.ProtoclHandshakeRejectionTest.testHandshakeRejectionTestCase6|NO
https://github.com/TooTallNate/Java-WebSocket|fa3909c391195178ccf5a92d4ac342a30ae247c8|145|Java-WebSocket-|org.java_websocket.protocols.ProtoclHandshakeRejectionTest.testHandshakeRejectionTestCase8|NO
https://github.com/TooTallNate/Java-WebSocket|fa3909c391195178ccf5a92d4ac342a30ae247c8|145|Java-WebSocket-|org.java_websocket.protocols.ProtoclHandshakeRejectionTest.testHandshakeRejectionTestCase9|NO
https://github.com/alibaba/fastjson|57d0434ab01c55e719bb52f3ec96bf12cad0e46c|4470|fastjson-|com.alibaba.json.bvt.bug.Issue_717.test_for_issue|OD
https://github.com/alibaba/fastjson|57d0434ab01c55e719bb52f3ec96bf12cad0e46c|4470|fastjson-|com.alibaba.json.bvt.date.DateTest.test_date|OD
https://github.com/alibaba/fastjson|57d0434ab01c55e719bb52f3ec96bf12cad0e46c|4470|fastjson-|com.alibaba.json.bvt.date.DateTest_tz.test_codec|OD
https://github.com/alibaba/fastjson|57d0434ab01c55e719bb52f3ec96bf12cad0e46c|4470|fastjson-|com.alibaba.json.bvt.issue_1200.Issue1298.test_for_issue|OD
https://github.com/alibaba/fastjson|57d0434ab01c55e719bb52f3ec96bf12cad0e46c|4470|fastjson-|com.alibaba.json.bvt.issue_1200.Issue1298.test_for_issue_1|OD
https://github.com/alibaba/fastjson|57d0434ab01c55e719bb52f3ec96bf12cad0e46c|4470|fastjson-|com.alibaba.json.bvt.issue_1600.Issue1679.test_for_issue|OD
https://github.com/alibaba/fastjson|57d0434ab01c55e719bb52f3ec96bf12cad0e46c|4470|fastjson-|com.alibaba.json.bvt.issue_1700.Issue1769.test_for_issue|OD
https://github.com/alibaba/fastjson|57d0434ab01c55e719bb52f3ec96bf12cad0e46c|4470|fastjson-|com.alibaba.json.bvt.issue_1900.Issue1977.test_for_issue|OD
https://github.com/alibaba/fastjson|57d0434ab01c55e719bb52f3ec96bf12cad0e46c|4470|fastjson-|com.alibaba.json.bvt.parser.deser.AbstractSerializeTest.test_mapping_1|NO
https://github.com/alibaba/fastjson|57d0434ab01c55e719bb52f3ec96bf12cad0e46c|4470|fastjson-|com.alibaba.json.bvt.parser.deser.AbstractSerializeTest.test_mapping_2|NO
https://github.com/alibaba/fastjson|57d0434ab01c55e719bb52f3ec96bf12cad0e46c|4470|fastjson-|com.alibaba.json.bvt.serializer.JSONFieldTest5.test_jsonField|OD
https://github.com/alibaba/fastjson|57d0434ab01c55e719bb52f3ec96bf12cad0e46c|4470|fastjson-|com.alibaba.json.bvt.serializer.JSONSerializerTest2.test_0|OD
https://github.com/alibaba/fastjson|57d0434ab01c55e719bb52f3ec96bf12cad0e46c|4470|fastjson-|com.alibaba.json.bvt.serializer.MaxBufSizeTest.test_max_buf|OD
https://github.com/alibaba/fastjson|57d0434ab01c55e719bb52f3ec96bf12cad0e46c|4470|fastjson-|com.alibaba.json.bvt.serializer.date.DateTest4_indian.test_date|OD
https://github.com/alibaba/fastjson|57d0434ab01c55e719bb52f3ec96bf12cad0e46c|4470|fastjson-|com.alibaba.json.bvt.serializer.date.DateTest5_iso8601.test_date|OD
https://github.com/apache/hadoop|cc2babc1f75c93bf89a8f10da525f944c15d02ea|125|hadoop-hadoop-common-project-hadoop-auth|org.apache.hadoop.security.authentication.util.TestKerberosName.testRules|OD
https://github.com/apache/hadoop|cc2babc1f75c93bf89a8f10da525f944c15d02ea|22|hadoop-hadoop-yarn-project-hadoop-yarn-hadoop-yarn-server-hadoop-yarn-server-timeline-pluginstorage|org.apache.hadoop.registry.client.binding.TestRegistryOperationUtils.testUsernameExtractionEnvVarOverrride|OD
https://github.com/apache/hadoop|cc2babc1f75c93bf89a8f10da525f944c15d02ea|22|hadoop-hadoop-yarn-project-hadoop-yarn-hadoop-yarn-server-hadoop-yarn-server-timeline-pluginstorage|org.apache.hadoop.registry.client.impl.TestCuratorService.testRM|NO
https://github.com/apache/hadoop|cc2babc1f75c93bf89a8f10da525f944c15d02ea|22|hadoop-hadoop-yarn-project-hadoop-yarn-hadoop-yarn-server-hadoop-yarn-server-timeline-pluginstorage|org.apache.hadoop.registry.secure.TestSecureLogins.testDefaultRealmValid|NO
https://github.com/apache/hadoop|cc2babc1f75c93bf89a8f10da525f944c15d02ea|22|hadoop-hadoop-yarn-project-hadoop-yarn-hadoop-yarn-server-hadoop-yarn-server-timeline-pluginstorage|org.apache.hadoop.registry.secure.TestSecureLogins.testKerberosRulesValid|OD
https://github.com/apache/hadoop|cc2babc1f75c93bf89a8f10da525f944c15d02ea|22|hadoop-hadoop-yarn-project-hadoop-yarn-hadoop-yarn-server-hadoop-yarn-server-timeline-pluginstorage|org.apache.hadoop.registry.secure.TestSecureLogins.testUGILogin|NO
https://github.com/apache/hadoop|cc2babc1f75c93bf89a8f10da525f944c15d02ea|22|hadoop-hadoop-yarn-project-hadoop-yarn-hadoop-yarn-server-hadoop-yarn-server-timeline-pluginstorage|org.apache.hadoop.yarn.server.timeline.TestEntityGroupFSTimelineStore.testCleanLogs|OD
https://github.com/apache/hadoop|cc2babc1f75c93bf89a8f10da525f944c15d02ea|22|hadoop-hadoop-yarn-project-hadoop-yarn-hadoop-yarn-server-hadoop-yarn-server-timeline-pluginstorage|org.apache.hadoop.yarn.server.timeline.TestEntityGroupFSTimelineStore.testGetEntityPluginRead|NO
https://github.com/apache/hadoop|cc2babc1f75c93bf89a8f10da525f944c15d02ea|22|hadoop-hadoop-yarn-project-hadoop-yarn-hadoop-yarn-server-hadoop-yarn-server-timeline-pluginstorage|org.apache.hadoop.yarn.server.timeline.TestEntityGroupFSTimelineStore.testMoveToDone|NO
https://github.com/apache/hadoop|cc2babc1f75c93bf89a8f10da525f944c15d02ea|22|hadoop-hadoop-yarn-project-hadoop-yarn-hadoop-yarn-server-hadoop-yarn-server-timeline-pluginstorage|org.apache.hadoop.yarn.server.timeline.TestEntityGroupFSTimelineStore.testParseSummaryLogs|NO
https://github.com/apache/hadoop|cc2babc1f75c93bf89a8f10da525f944c15d02ea|22|hadoop-hadoop-yarn-project-hadoop-yarn-hadoop-yarn-server-hadoop-yarn-server-timeline-pluginstorage|org.apache.hadoop.yarn.server.timeline.TestEntityGroupFSTimelineStore.testSummaryRead|OD
https://github.com/apache/hadoop|cc2babc1f75c93bf89a8f10da525f944c15d02ea|22|hadoop-hadoop-yarn-project-hadoop-yarn-hadoop-yarn-server-hadoop-yarn-server-timeline-pluginstorage|org.apache.hadoop.yarn.server.timeline.TestLogInfo.testMatchesGroupId|OD
https://github.com/apache/hadoop|cc2babc1f75c93bf89a8f10da525f944c15d02ea|22|hadoop-hadoop-yarn-project-hadoop-yarn-hadoop-yarn-server-hadoop-yarn-server-timeline-pluginstorage|org.apache.hadoop.yarn.server.timeline.TestLogInfo.testParseBrokenEntity|NO
https://github.com/apache/hadoop|cc2babc1f75c93bf89a8f10da525f944c15d02ea|22|hadoop-hadoop-yarn-project-hadoop-yarn-hadoop-yarn-server-hadoop-yarn-server-timeline-pluginstorage|org.apache.hadoop.yarn.server.timeline.TestLogInfo.testParseDomain|OD
https://github.com/apache/hadoop|cc2babc1f75c93bf89a8f10da525f944c15d02ea|22|hadoop-hadoop-yarn-project-hadoop-yarn-hadoop-yarn-server-hadoop-yarn-server-timeline-pluginstorage|org.apache.hadoop.yarn.server.timeline.TestLogInfo.testParseEntity|NO
https://github.com/apache/hadoop|cc2babc1f75c93bf89a8f10da525f944c15d02ea|76|hadoop-hadoop-yarn-project-hadoop-yarn-hadoop-yarn-server-hadoop-yarn-server-timelineservice|org.apache.hadoop.yarn.server.timelineservice.reader.TestTimelineReaderWebServices.testAbout|OD
https://github.com/apache/hadoop|cc2babc1f75c93bf89a8f10da525f944c15d02ea|76|hadoop-hadoop-yarn-project-hadoop-yarn-hadoop-yarn-server-hadoop-yarn-server-timelineservice|org.apache.hadoop.yarn.server.timelineservice.reader.TestTimelineReaderWebServices.testGetAppAttempt|OD
https://github.com/apache/hadoop|cc2babc1f75c93bf89a8f10da525f944c15d02ea|76|hadoop-hadoop-yarn-project-hadoop-yarn-hadoop-yarn-server-hadoop-yarn-server-timelineservice|org.apache.hadoop.yarn.server.timelineservice.reader.TestTimelineReaderWebServices.testGetAppAttempts|OD
https://github.com/apache/hadoop|cc2babc1f75c93bf89a8f10da525f944c15d02ea|76|hadoop-hadoop-yarn-project-hadoop-yarn-hadoop-yarn-server-hadoop-yarn-server-timelineservice|org.apache.hadoop.yarn.server.timelineservice.reader.TestTimelineReaderWebServices.testGetContainer|OD
https://github.com/apache/hadoop|cc2babc1f75c93bf89a8f10da525f944c15d02ea|76|hadoop-hadoop-yarn-project-hadoop-yarn-hadoop-yarn-server-hadoop-yarn-server-timelineservice|org.apache.hadoop.yarn.server.timelineservice.reader.TestTimelineReaderWebServices.testGetContainers|OD
https://github.com/apache/hadoop|cc2babc1f75c93bf89a8f10da525f944c15d02ea|76|hadoop-hadoop-yarn-project-hadoop-yarn-hadoop-yarn-server-hadoop-yarn-server-timelineservice|org.apache.hadoop.yarn.server.timelineservice.reader.TestTimelineReaderWebServices.testGetEntities|OD
https://github.com/apache/hadoop|cc2babc1f75c93bf89a8f10da525f944c15d02ea|76|hadoop-hadoop-yarn-project-hadoop-yarn-hadoop-yarn-server-hadoop-yarn-server-timelineservice|org.apache.hadoop.yarn.server.timelineservice.reader.TestTimelineReaderWebServices.testGetEntitiesBasedOnCreatedTime|OD
https://github.com/apache/hadoop|cc2babc1f75c93bf89a8f10da525f944c15d02ea|76|hadoop-hadoop-yarn-project-hadoop-yarn-hadoop-yarn-server-hadoop-yarn-server-timelineservice|org.apache.hadoop.yarn.server.timelineservice.reader.TestTimelineReaderWebServices.testGetEntitiesByConfigFilters|OD
https://github.com/apache/hadoop|cc2babc1f75c93bf89a8f10da525f944c15d02ea|76|hadoop-hadoop-yarn-project-hadoop-yarn-hadoop-yarn-server-hadoop-yarn-server-timelineservice|org.apache.hadoop.yarn.server.timelineservice.reader.TestTimelineReaderWebServices.testGetEntitiesByEventFilters|OD
https://github.com/apache/hadoop|cc2babc1f75c93bf89a8f10da525f944c15d02ea|76|hadoop-hadoop-yarn-project-hadoop-yarn-hadoop-yarn-server-hadoop-yarn-server-timelineservice|org.apache.hadoop.yarn.server.timelineservice.reader.TestTimelineReaderWebServices.testGetEntitiesByInfoFilters|OD
https://github.com/apache/hadoop|cc2babc1f75c93bf89a8f10da525f944c15d02ea|76|hadoop-hadoop-yarn-project-hadoop-yarn-hadoop-yarn-server-hadoop-yarn-server-timelineservice|org.apache.hadoop.yarn.server.timelineservice.reader.TestTimelineReaderWebServices.testGetEntitiesByMetricFilters|OD
https://github.com/apache/hadoop|cc2babc1f75c93bf89a8f10da525f944c15d02ea|76|hadoop-hadoop-yarn-project-hadoop-yarn-hadoop-yarn-server-hadoop-yarn-server-timelineservice|org.apache.hadoop.yarn.server.timelineservice.reader.TestTimelineReaderWebServices.testGetEntitiesByRelations|OD
https://github.com/apache/hadoop|cc2babc1f75c93bf89a8f10da525f944c15d02ea|76|hadoop-hadoop-yarn-project-hadoop-yarn-hadoop-yarn-server-hadoop-yarn-server-timelineservice|org.apache.hadoop.yarn.server.timelineservice.reader.TestTimelineReaderWebServices.testGetEntitiesNoMatch|OD
https://github.com/apache/hadoop|cc2babc1f75c93bf89a8f10da525f944c15d02ea|76|hadoop-hadoop-yarn-project-hadoop-yarn-hadoop-yarn-server-hadoop-yarn-server-timelineservice|org.apache.hadoop.yarn.server.timelineservice.reader.TestTimelineReaderWebServices.testGetEntitiesWithLimit|OD
https://github.com/apache/hadoop|cc2babc1f75c93bf89a8f10da525f944c15d02ea|76|hadoop-hadoop-yarn-project-hadoop-yarn-hadoop-yarn-server-hadoop-yarn-server-timelineservice|org.apache.hadoop.yarn.server.timelineservice.reader.TestTimelineReaderWebServices.testGetEntityAllFields|OD
https://github.com/apache/hadoop|cc2babc1f75c93bf89a8f10da525f944c15d02ea|76|hadoop-hadoop-yarn-project-hadoop-yarn-hadoop-yarn-server-hadoop-yarn-server-timelineservice|org.apache.hadoop.yarn.server.timelineservice.reader.TestTimelineReaderWebServices.testGetEntityCustomFields|OD
https://github.com/apache/hadoop|cc2babc1f75c93bf89a8f10da525f944c15d02ea|76|hadoop-hadoop-yarn-project-hadoop-yarn-hadoop-yarn-server-hadoop-yarn-server-timelineservice|org.apache.hadoop.yarn.server.timelineservice.reader.TestTimelineReaderWebServices.testGetEntityDefaultView|NO
https://github.com/apache/hadoop|cc2babc1f75c93bf89a8f10da525f944c15d02ea|76|hadoop-hadoop-yarn-project-hadoop-yarn-hadoop-yarn-server-hadoop-yarn-server-timelineservice|org.apache.hadoop.yarn.server.timelineservice.reader.TestTimelineReaderWebServices.testGetEntityNotPresent|OD
https://github.com/apache/hadoop|cc2babc1f75c93bf89a8f10da525f944c15d02ea|76|hadoop-hadoop-yarn-project-hadoop-yarn-hadoop-yarn-server-hadoop-yarn-server-timelineservice|org.apache.hadoop.yarn.server.timelineservice.reader.TestTimelineReaderWebServices.testGetEntityWithUserAndFlowInfo|OD
https://github.com/apache/hadoop|cc2babc1f75c93bf89a8f10da525f944c15d02ea|76|hadoop-hadoop-yarn-project-hadoop-yarn-hadoop-yarn-server-hadoop-yarn-server-timelineservice|org.apache.hadoop.yarn.server.timelineservice.reader.TestTimelineReaderWebServices.testInvalidValuesHandling|OD
https://github.com/apache/hadoop|cc2babc1f75c93bf89a8f10da525f944c15d02ea|76|hadoop-hadoop-yarn-project-hadoop-yarn-hadoop-yarn-server-hadoop-yarn-server-timelineservice|org.apache.hadoop.yarn.server.timelineservice.reader.TestTimelineReaderWebServices.testQueryWithoutCluster|OD
https://github.com/apache/hadoop|cc2babc1f75c93bf89a8f10da525f944c15d02ea|76|hadoop-hadoop-yarn-project-hadoop-yarn-hadoop-yarn-server-hadoop-yarn-server-timelineservice|org.apache.hadoop.yarn.server.timelineservice.reader.TestTimelineReaderWebServicesBasicAcl.testTimelineReaderManagerAclsWhenDisabled|OD
https://github.com/apache/hadoop|cc2babc1f75c93bf89a8f10da525f944c15d02ea|76|hadoop-hadoop-yarn-project-hadoop-yarn-hadoop-yarn-server-hadoop-yarn-server-timelineservice|org.apache.hadoop.yarn.server.timelineservice.reader.TestTimelineReaderWebServicesBasicAcl.testTimelineReaderManagerAclsWhenEnabled|OD
https://github.com/apache/hadoop|cc2babc1f75c93bf89a8f10da525f944c15d02ea|69|hadoop-hadoop-yarn-project-hadoop-yarn-hadoop-yarn-server-hadoop-yarn-server-timelineservice-hbase-tests|org.apache.hadoop.fs.http.server.TestHttpFSServer.instrumentation|OD
https://github.com/apache/hadoop|cc2babc1f75c93bf89a8f10da525f944c15d02ea|69|hadoop-hadoop-yarn-project-hadoop-yarn-hadoop-yarn-server-hadoop-yarn-server-timelineservice-hbase-tests|org.apache.hadoop.fs.http.server.TestHttpFSServer.testAllowSnapshot|NO
https://github.com/apache/hadoop|cc2babc1f75c93bf89a8f10da525f944c15d02ea|69|hadoop-hadoop-yarn-project-hadoop-yarn-hadoop-yarn-server-hadoop-yarn-server-timelineservice-hbase-tests|org.apache.hadoop.fs.http.server.TestHttpFSServer.testCreateFileWithUnmaskedPermissions|OD
https://github.com/apache/hadoop|cc2babc1f75c93bf89a8f10da525f944c15d02ea|69|hadoop-hadoop-yarn-project-hadoop-yarn-hadoop-yarn-server-hadoop-yarn-server-timelineservice-hbase-tests|org.apache.hadoop.fs.http.server.TestHttpFSServer.testCreateSnapshot|NO
https://github.com/apache/hadoop|cc2babc1f75c93bf89a8f10da525f944c15d02ea|69|hadoop-hadoop-yarn-project-hadoop-yarn-hadoop-yarn-server-hadoop-yarn-server-timelineservice-hbase-tests|org.apache.hadoop.fs.http.server.TestHttpFSServer.testCreateSnapshotNoSnapshotName|OD
https://github.com/apache/hadoop|cc2babc1f75c93bf89a8f10da525f944c15d02ea|69|hadoop-hadoop-yarn-project-hadoop-yarn-hadoop-yarn-server-hadoop-yarn-server-timelineservice-hbase-tests|org.apache.hadoop.fs.http.server.TestHttpFSServer.testDelegationTokenOperations|OD
https://github.com/apache/hadoop|cc2babc1f75c93bf89a8f10da525f944c15d02ea|69|hadoop-hadoop-yarn-project-hadoop-yarn-hadoop-yarn-server-hadoop-yarn-server-timelineservice-hbase-tests|org.apache.hadoop.fs.http.server.TestHttpFSServer.testDelegationTokenOperationsSsl|NO
https://github.com/apache/hadoop|cc2babc1f75c93bf89a8f10da525f944c15d02ea|69|hadoop-hadoop-yarn-project-hadoop-yarn-hadoop-yarn-server-hadoop-yarn-server-timelineservice-hbase-tests|org.apache.hadoop.fs.http.server.TestHttpFSServer.testDeleteSnapshot|OD
https://github.com/apache/hadoop|cc2babc1f75c93bf89a8f10da525f944c15d02ea|69|hadoop-hadoop-yarn-project-hadoop-yarn-hadoop-yarn-server-hadoop-yarn-server-timelineservice-hbase-tests|org.apache.hadoop.fs.http.server.TestHttpFSServer.testDirAcls|NO
https://github.com/apache/hadoop|cc2babc1f75c93bf89a8f10da525f944c15d02ea|69|hadoop-hadoop-yarn-project-hadoop-yarn-hadoop-yarn-server-hadoop-yarn-server-timelineservice-hbase-tests|org.apache.hadoop.fs.http.server.TestHttpFSServer.testDisallowSnapshot|NO
https://github.com/apache/hadoop|cc2babc1f75c93bf89a8f10da525f944c15d02ea|69|hadoop-hadoop-yarn-project-hadoop-yarn-hadoop-yarn-server-hadoop-yarn-server-timelineservice-hbase-tests|org.apache.hadoop.fs.http.server.TestHttpFSServer.testDisallowSnapshotException|NO
https://github.com/apache/hadoop|cc2babc1f75c93bf89a8f10da525f944c15d02ea|69|hadoop-hadoop-yarn-project-hadoop-yarn-hadoop-yarn-server-hadoop-yarn-server-timelineservice-hbase-tests|org.apache.hadoop.fs.http.server.TestHttpFSServer.testFileAcls|OD
https://github.com/apache/hadoop|cc2babc1f75c93bf89a8f10da525f944c15d02ea|69|hadoop-hadoop-yarn-project-hadoop-yarn-hadoop-yarn-server-hadoop-yarn-server-timelineservice-hbase-tests|org.apache.hadoop.fs.http.server.TestHttpFSServer.testGetSnapshotDiff|OD
https://github.com/apache/hadoop|cc2babc1f75c93bf89a8f10da525f944c15d02ea|69|hadoop-hadoop-yarn-project-hadoop-yarn-hadoop-yarn-server-hadoop-yarn-server-timelineservice-hbase-tests|org.apache.hadoop.fs.http.server.TestHttpFSServer.testGetSnapshotDiffIllegalParam|NO
https://github.com/apache/hadoop|cc2babc1f75c93bf89a8f10da525f944c15d02ea|69|hadoop-hadoop-yarn-project-hadoop-yarn-hadoop-yarn-server-hadoop-yarn-server-timelineservice-hbase-tests|org.apache.hadoop.fs.http.server.TestHttpFSServer.testGetTrashRoot|OD
https://github.com/apache/hadoop|cc2babc1f75c93bf89a8f10da525f944c15d02ea|69|hadoop-hadoop-yarn-project-hadoop-yarn-hadoop-yarn-server-hadoop-yarn-server-timelineservice-hbase-tests|org.apache.hadoop.fs.http.server.TestHttpFSServer.testMkdirWithUnmaskedPermissions|OD
https://github.com/apache/hadoop|cc2babc1f75c93bf89a8f10da525f944c15d02ea|69|hadoop-hadoop-yarn-project-hadoop-yarn-hadoop-yarn-server-hadoop-yarn-server-timelineservice-hbase-tests|org.apache.hadoop.fs.http.server.TestHttpFSServer.testOpenOffsetLength|OD
https://github.com/apache/hadoop|cc2babc1f75c93bf89a8f10da525f944c15d02ea|69|hadoop-hadoop-yarn-project-hadoop-yarn-hadoop-yarn-server-hadoop-yarn-server-timelineservice-hbase-tests|org.apache.hadoop.fs.http.server.TestHttpFSServer.testPerms|OD
https://github.com/apache/hadoop|cc2babc1f75c93bf89a8f10da525f944c15d02ea|69|hadoop-hadoop-yarn-project-hadoop-yarn-hadoop-yarn-server-hadoop-yarn-server-timelineservice-hbase-tests|org.apache.hadoop.fs.http.server.TestHttpFSServer.testRenameSnapshot|OD
https://github.com/apache/hadoop|cc2babc1f75c93bf89a8f10da525f944c15d02ea|69|hadoop-hadoop-yarn-project-hadoop-yarn-hadoop-yarn-server-hadoop-yarn-server-timelineservice-hbase-tests|org.apache.hadoop.fs.http.server.TestHttpFSServer.testXAttrs|OD
https://github.com/apache/hadoop|cc2babc1f75c93bf89a8f10da525f944c15d02ea|69|hadoop-hadoop-yarn-project-hadoop-yarn-hadoop-yarn-server-hadoop-yarn-server-timelineservice-hbase-tests|org.apache.hadoop.fs.http.server.TestHttpFSServerNoACLs.testWithNoAcls|OD
https://github.com/apache/hadoop|cc2babc1f75c93bf89a8f10da525f944c15d02ea|69|hadoop-hadoop-yarn-project-hadoop-yarn-hadoop-yarn-server-hadoop-yarn-server-timelineservice-hbase-tests|org.apache.hadoop.fs.http.server.TestHttpFSServerNoXAttrs.testWithXAttrs|OD
https://github.com/apache/hadoop|cc2babc1f75c93bf89a8f10da525f944c15d02ea|69|hadoop-hadoop-yarn-project-hadoop-yarn-hadoop-yarn-server-hadoop-yarn-server-timelineservice-hbase-tests|org.apache.hadoop.lib.service.hadoop.TestFileSystemAccessService.createFileSystem|OD
https://github.com/apache/hadoop|cc2babc1f75c93bf89a8f10da525f944c15d02ea|69|hadoop-hadoop-yarn-project-hadoop-yarn-hadoop-yarn-server-hadoop-yarn-server-timelineservice-hbase-tests|org.apache.hadoop.lib.service.hadoop.TestFileSystemAccessService.fileSystemCache|NO
https://github.com/apache/hadoop|cc2babc1f75c93bf89a8f10da525f944c15d02ea|69|hadoop-hadoop-yarn-project-hadoop-yarn-hadoop-yarn-server-hadoop-yarn-server-timelineservice-hbase-tests|org.apache.hadoop.lib.service.hadoop.TestFileSystemAccessService.fileSystemExecutor|NO
https://github.com/apache/hadoop|cc2babc1f75c93bf89a8f10da525f944c15d02ea|69|hadoop-hadoop-yarn-project-hadoop-yarn-hadoop-yarn-server-hadoop-yarn-server-timelineservice-hbase-tests|org.apache.hadoop.lib.servlet.TestServerWebApp.getHomeDir|OD
https://github.com/apache/hadoop|cc2babc1f75c93bf89a8f10da525f944c15d02ea|69|hadoop-hadoop-yarn-project-hadoop-yarn-hadoop-yarn-server-hadoop-yarn-server-timelineservice-hbase-tests|org.apache.hadoop.lib.servlet.TestServerWebApp.getHomeDirNotDef|NO
https://github.com/apache/hadoop|cc2babc1f75c93bf89a8f10da525f944c15d02ea|69|hadoop-hadoop-yarn-project-hadoop-yarn-hadoop-yarn-server-hadoop-yarn-server-timelineservice-hbase-tests|org.apache.hadoop.test.TestHFSTestCase.testHadoopFileSystem|OD
https://github.com/apache/hadoop|cc2babc1f75c93bf89a8f10da525f944c15d02ea|69|hadoop-hadoop-yarn-project-hadoop-yarn-hadoop-yarn-server-hadoop-yarn-server-timelineservice-hbase-tests|org.apache.hadoop.yarn.server.timelineservice.storage.TestHBaseTimelineStorageEntities.testWriteEntityToHBase|OD
https://github.com/apache/hadoop|cc2babc1f75c93bf89a8f10da525f944c15d02ea|69|hadoop-hadoop-yarn-project-hadoop-yarn-hadoop-yarn-server-hadoop-yarn-server-timelineservice-hbase-tests|org.apache.hadoop.yarn.server.timelineservice.storage.flow.TestHBaseStorageFlowRunCompaction.testWriteScanBatchLimit|OD
https://github.com/apache/hbase|801fc05e9c082ab12c7c1207087d3667ab162d1a|56|hbase-hbase-procedure|org.apache.hadoop.hbase.procedure2.TestProcedureSkipPersistence.test|NO
https://github.com/apache/incubator-dubbo|737f7a7ea67832d7f17517326fb2491d0a086dd7|110|incubator-dubbo-dubbo-cluster|org.apache.dubbo.rpc.cluster.StickyTest.testMethodStickyNoCheck|OD
https://github.com/apache/incubator-dubbo|737f7a7ea67832d7f17517326fb2491d0a086dd7|110|incubator-dubbo-dubbo-cluster|org.apache.dubbo.rpc.cluster.StickyTest.testStickyNoCheck|OD
https://github.com/apache/incubator-dubbo|737f7a7ea67832d7f17517326fb2491d0a086dd7|110|incubator-dubbo-dubbo-cluster|org.apache.dubbo.rpc.cluster.support.AbstractClusterInvokerTest.testBindingAttachment|OD
https://github.com/apache/incubator-dubbo|737f7a7ea67832d7f17517326fb2491d0a086dd7|110|incubator-dubbo-dubbo-cluster|org.apache.dubbo.rpc.cluster.support.ForkingClusterInvokerTest.testClearRpcContext|OD
https://github.com/apache/incubator-dubbo|737f7a7ea67832d7f17517326fb2491d0a086dd7|40|incubator-dubbo-dubbo-registry-dubbo-registry-default|org.apache.dubbo.registry.dubbo.RegistryProtocolTest.testDestoryRegistry|OD
https://github.com/apache/incubator-dubbo|737f7a7ea67832d7f17517326fb2491d0a086dd7|40|incubator-dubbo-dubbo-registry-dubbo-registry-default|org.apache.dubbo.registry.dubbo.RegistryProtocolTest.testNotifyOverride|OD
https://github.com/apache/incubator-dubbo|737f7a7ea67832d7f17517326fb2491d0a086dd7|40|incubator-dubbo-dubbo-registry-dubbo-registry-default|org.apache.dubbo.registry.dubbo.RegistryProtocolTest.testNotifyOverride_notmatch|OD
https://github.com/apache/incubator-dubbo|737f7a7ea67832d7f17517326fb2491d0a086dd7|14|incubator-dubbo-dubbo-remoting-dubbo-remoting-netty|org.apache.dubbo.remoting.exchange.support.header.HeartbeatHandlerTest.testHeartbeat|NO
https://github.com/apache/incubator-dubbo|737f7a7ea67832d7f17517326fb2491d0a086dd7|65|incubator-dubbo-dubbo-rpc-dubbo-rpc-dubbo|org.apache.dubbo.rpc.protocol.dubbo.DubboLazyConnectTest.testSticky1|NO
https://github.com/apache/incubator-dubbo|737f7a7ea67832d7f17517326fb2491d0a086dd7|65|incubator-dubbo-dubbo-rpc-dubbo-rpc-dubbo|org.apache.dubbo.rpc.protocol.dubbo.DubboProtocolTest.testDemoProtocol|NO
https://github.com/apache/incubator-dubbo|737f7a7ea67832d7f17517326fb2491d0a086dd7|65|incubator-dubbo-dubbo-rpc-dubbo-rpc-dubbo|org.apache.dubbo.rpc.protocol.dubbo.DubboProtocolTest.testDubboProtocolWithMina|OD
https://github.com/apache/incubator-dubbo|737f7a7ea67832d7f17517326fb2491d0a086dd7|65|incubator-dubbo-dubbo-rpc-dubbo-rpc-dubbo|org.apache.dubbo.rpc.protocol.dubbo.DubboProtocolTest.testNonSerializedParameter|NO
https://github.com/apache/incubator-dubbo|737f7a7ea67832d7f17517326fb2491d0a086dd7|65|incubator-dubbo-dubbo-rpc-dubbo-rpc-dubbo|org.apache.dubbo.rpc.protocol.dubbo.DubboProtocolTest.testPerm|NO
https://github.com/apache/incubator-dubbo|737f7a7ea67832d7f17517326fb2491d0a086dd7|65|incubator-dubbo-dubbo-rpc-dubbo-rpc-dubbo|org.apache.dubbo.rpc.protocol.dubbo.DubboProtocolTest.testReturnNonSerialized|NO
https://github.com/apache/incubator-dubbo|737f7a7ea67832d7f17517326fb2491d0a086dd7|65|incubator-dubbo-dubbo-rpc-dubbo-rpc-dubbo|org.apache.dubbo.rpc.protocol.dubbo.MultiThreadTest.testDubboMultiThreadInvoke|NO
https://github.com/apache/incubator-dubbo|737f7a7ea67832d7f17517326fb2491d0a086dd7|65|incubator-dubbo-dubbo-rpc-dubbo-rpc-dubbo|org.apache.dubbo.rpc.protocol.dubbo.telnet.ChangeTelnetHandlerTest.testChangePath|NO
https://github.com/apache/incubator-dubbo|737f7a7ea67832d7f17517326fb2491d0a086dd7|65|incubator-dubbo-dubbo-rpc-dubbo-rpc-dubbo|org.apache.dubbo.rpc.protocol.dubbo.telnet.ChangeTelnetHandlerTest.testChangeServiceNotExport|OD
https://github.com/apache/incubator-dubbo|737f7a7ea67832d7f17517326fb2491d0a086dd7|65|incubator-dubbo-dubbo-rpc-dubbo-rpc-dubbo|org.apache.dubbo.rpc.protocol.dubbo.telnet.ListTelnetHandlerTest.testList|NO
https://github.com/apache/incubator-dubbo|737f7a7ea67832d7f17517326fb2491d0a086dd7|65|incubator-dubbo-dubbo-rpc-dubbo-rpc-dubbo|org.apache.dubbo.rpc.protocol.dubbo.telnet.ListTelnetHandlerTest.testListService|NO
https://github.com/apache/incubator-dubbo|737f7a7ea67832d7f17517326fb2491d0a086dd7|65|incubator-dubbo-dubbo-rpc-dubbo-rpc-dubbo|org.apache.dubbo.rpc.protocol.dubbo.telnet.PortTelnetHandlerTest.testListAllPort|OD
https://github.com/apache/incubator-dubbo|737f7a7ea67832d7f17517326fb2491d0a086dd7|65|incubator-dubbo-dubbo-rpc-dubbo-rpc-dubbo|org.apache.dubbo.rpc.protocol.dubbo.telnet.PortTelnetHandlerTest.testListDetail|OD
https://github.com/apache/incubator-dubbo|737f7a7ea67832d7f17517326fb2491d0a086dd7|8|incubator-dubbo-dubbo-rpc-dubbo-rpc-http|org.apache.dubbo.rpc.protocol.http.HttpProtocolTest.testGenericInvokeWithNativeJava|NO
https://github.com/apache/incubator-dubbo|737f7a7ea67832d7f17517326fb2491d0a086dd7|8|incubator-dubbo-dubbo-rpc-dubbo-rpc-http|org.apache.dubbo.rpc.protocol.http.HttpProtocolTest.testTimeOut|NO
https://github.com/apache/incubator-dubbo|737f7a7ea67832d7f17517326fb2491d0a086dd7|21|incubator-dubbo-dubbo-serialization-dubbo-serialization-fst|org.apache.dubbo.common.serialize.fst.FstObjectInputTest.testEmptyByteArrayForEmptyInput|OD
https://github.com/apache/jackrabbit-oak|11985b3fbbd4f7f39dfaf368b01b5e0c67a32f0d|3169|jackrabbit-oak-oak-core|org.apache.jackrabbit.oak.plugins.index.property.OrderedPropertyIndexProviderTest.multipleQueryRuns|OD
https://github.com/apache/jackrabbit-oak|11985b3fbbd4f7f39dfaf368b01b5e0c67a32f0d|3169|jackrabbit-oak-oak-core|org.apache.jackrabbit.oak.plugins.index.property.OrderedPropertyIndexProviderTest.singleQueryRun|OD
https://github.com/doanduyhai/Achilles|e3099bdce342910951c4862c78751fd81ed4552e|2|Achilles-achilles-embedded|info.archinnov.achilles.embedded.PortFinderTest.try_to_find_first_port|NO
https://github.com/dropwizard/dropwizard|07dfaed697427e208d65049f80a5d1949833b7cd|74|dropwizard-dropwizard-logging|io.dropwizard.logging.DefaultLoggingFactoryPrintErrorMessagesTest.testLogbackStatusPrinterPrintStreamIsRestoredToSystemOut|OD
https://github.com/dropwizard/dropwizard|07dfaed697427e208d65049f80a5d1949833b7cd|74|dropwizard-dropwizard-logging|io.dropwizard.logging.DefaultLoggingFactoryTest.testConfigure|NO
https://github.com/elasticjob/elastic-job-lite|b022898ef1b8c984e17efb2a422ee45f6b13e46e|489|elastic-job-lite-elastic-job-lite-core|io.elasticjob.lite.event.rdb.JobEventRdbSearchTest.assertFindJobExecutionEventsWithTime|NO
https://github.com/elasticjob/elastic-job-lite|b022898ef1b8c984e17efb2a422ee45f6b13e46e|489|elastic-job-lite-elastic-job-lite-core|io.elasticjob.lite.event.rdb.JobEventRdbSearchTest.assertFindJobStatusTraceEventsWithTime|OD
https://github.com/elasticjob/elastic-job-lite|b022898ef1b8c984e17efb2a422ee45f6b13e46e|489|elastic-job-lite-elastic-job-lite-core|io.elasticjob.lite.internal.failover.FailoverServiceTest.assertGetLocalFailoverItemsIfShutdown|OD
https://github.com/elasticjob/elastic-job-lite|b022898ef1b8c984e17efb2a422ee45f6b13e46e|489|elastic-job-lite-elastic-job-lite-core|io.elasticjob.lite.internal.instance.ShutdownListenerManagerTest.assertIsShutdownAlready|OD
https://github.com/elasticjob/elastic-job-lite|b022898ef1b8c984e17efb2a422ee45f6b13e46e|489|elastic-job-lite-elastic-job-lite-core|io.elasticjob.lite.internal.instance.TriggerListenerManagerTest.assertTriggerWhenJobIsNotRunning|OD
https://github.com/elasticjob/elastic-job-lite|b022898ef1b8c984e17efb2a422ee45f6b13e46e|489|elastic-job-lite-elastic-job-lite-core|io.elasticjob.lite.internal.schedule.JobRegistryTest.assertGetCurrentShardingTotalCountIfNull|OD
https://github.com/elasticjob/elastic-job-lite|b022898ef1b8c984e17efb2a422ee45f6b13e46e|489|elastic-job-lite-elastic-job-lite-core|io.elasticjob.lite.internal.sharding.ShardingListenerManagerTest.assertListenServersChangedJobListenerWhenIsInstanceChangeButJobInstanceIsShutdown|OD
https://github.com/elasticjob/elastic-job-lite|b022898ef1b8c984e17efb2a422ee45f6b13e46e|489|elastic-job-lite-elastic-job-lite-core|io.elasticjob.lite.reg.zookeeper.ZookeeperRegistryCenterModifyTest.assertPersistEphemeralSequential|OD
https://github.com/elasticjob/elastic-job-lite|b022898ef1b8c984e17efb2a422ee45f6b13e46e|50|elastic-job-lite-elastic-job-lite-lifecycle|io.elasticjob.lite.lifecycle.api.JobAPIFactoryTest.assertCreateJobStatisticsAPI|NO
https://github.com/elasticjob/elastic-job-lite|b022898ef1b8c984e17efb2a422ee45f6b13e46e|50|elastic-job-lite-elastic-job-lite-lifecycle|io.elasticjob.lite.lifecycle.api.JobAPIFactoryTest.assertCreateServerStatisticsAPI|NO
https://github.com/elasticjob/elastic-job-lite|b022898ef1b8c984e17efb2a422ee45f6b13e46e|7|elastic-job-lite-elastic-job-lite-spring|io.elasticjob.lite.spring.job.JobSpringNamespaceWithEventTraceRdbTest.assertSpringJobBean|NO
https://github.com/elasticjob/elastic-job-lite|b022898ef1b8c984e17efb2a422ee45f6b13e46e|7|elastic-job-lite-elastic-job-lite-spring|io.elasticjob.lite.spring.job.JobSpringNamespaceWithListenerAndJdkDynamicProxyTest.assertSpringJobBean|NO
https://github.com/elasticjob/elastic-job-lite|b022898ef1b8c984e17efb2a422ee45f6b13e46e|7|elastic-job-lite-elastic-job-lite-spring|io.elasticjob.lite.spring.job.JobSpringNamespaceWithoutListenerTest.assertSpringJobBean|NO
https://github.com/google/jimfs|ced6093fe69a31e37ba8bbf63858b50c7164f4a4|5830|jimfs-jimfs|com.google.common.jimfs.RegularFileTest.testNonEmpty_read_all_singleBuffer [NEW_DISK [8, 128]]|NO
https://github.com/jfree/jfreechart|520a4be69ba932061ab9b89f328842caf152e1d9|2176|jfreechart-|org.jfree.data.time.DayTest.testParseDay|OD
https://github.com/kevinsawicki/http-request|2d62a3e9da726942a93cf16b6e91c0187e6c0136|163|http-request-lib|com.github.kevinsawicki.http.HttpRequestTest.basicProxyAuthentication|OD
https://github.com/kevinsawicki/http-request|2d62a3e9da726942a93cf16b6e91c0187e6c0136|163|http-request-lib|com.github.kevinsawicki.http.HttpRequestTest.deleteWithEscapedMappedQueryParams|OD
https://github.com/kevinsawicki/http-request|2d62a3e9da726942a93cf16b6e91c0187e6c0136|163|http-request-lib|com.github.kevinsawicki.http.HttpRequestTest.deleteWithEscapedVarargsQueryParams|OD
https://github.com/kevinsawicki/http-request|2d62a3e9da726942a93cf16b6e91c0187e6c0136|163|http-request-lib|com.github.kevinsawicki.http.HttpRequestTest.deleteWithMappedQueryParams|OD
https://github.com/kevinsawicki/http-request|2d62a3e9da726942a93cf16b6e91c0187e6c0136|163|http-request-lib|com.github.kevinsawicki.http.HttpRequestTest.deleteWithVarargsQueryParams|OD
https://github.com/kevinsawicki/http-request|2d62a3e9da726942a93cf16b6e91c0187e6c0136|163|http-request-lib|com.github.kevinsawicki.http.HttpRequestTest.getUrlEncodedWithPercent|OD
https://github.com/kevinsawicki/http-request|2d62a3e9da726942a93cf16b6e91c0187e6c0136|163|http-request-lib|com.github.kevinsawicki.http.HttpRequestTest.getUrlEncodedWithSpace|OD
https://github.com/kevinsawicki/http-request|2d62a3e9da726942a93cf16b6e91c0187e6c0136|163|http-request-lib|com.github.kevinsawicki.http.HttpRequestTest.getUrlEncodedWithUnicode|OD
https://github.com/kevinsawicki/http-request|2d62a3e9da726942a93cf16b6e91c0187e6c0136|163|http-request-lib|com.github.kevinsawicki.http.HttpRequestTest.getWithEscapedMappedQueryParams|OD
https://github.com/kevinsawicki/http-request|2d62a3e9da726942a93cf16b6e91c0187e6c0136|163|http-request-lib|com.github.kevinsawicki.http.HttpRequestTest.getWithEscapedVarargsQueryParams|OD
https://github.com/kevinsawicki/http-request|2d62a3e9da726942a93cf16b6e91c0187e6c0136|163|http-request-lib|com.github.kevinsawicki.http.HttpRequestTest.getWithMappedQueryParams|OD
https://github.com/kevinsawicki/http-request|2d62a3e9da726942a93cf16b6e91c0187e6c0136|163|http-request-lib|com.github.kevinsawicki.http.HttpRequestTest.getWithVarargsQueryParams|OD
https://github.com/kevinsawicki/http-request|2d62a3e9da726942a93cf16b6e91c0187e6c0136|163|http-request-lib|com.github.kevinsawicki.http.HttpRequestTest.headWithEscapedMappedQueryParams|OD
https://github.com/kevinsawicki/http-request|2d62a3e9da726942a93cf16b6e91c0187e6c0136|163|http-request-lib|com.github.kevinsawicki.http.HttpRequestTest.headWithEscapedVarargsQueryParams|OD
https://github.com/kevinsawicki/http-request|2d62a3e9da726942a93cf16b6e91c0187e6c0136|163|http-request-lib|com.github.kevinsawicki.http.HttpRequestTest.headWithMappedQueryParams|OD
https://github.com/kevinsawicki/http-request|2d62a3e9da726942a93cf16b6e91c0187e6c0136|163|http-request-lib|com.github.kevinsawicki.http.HttpRequestTest.headWithVaragsQueryParams|OD
https://github.com/kevinsawicki/http-request|2d62a3e9da726942a93cf16b6e91c0187e6c0136|163|http-request-lib|com.github.kevinsawicki.http.HttpRequestTest.postWithEscapedMappedQueryParams|OD
https://github.com/kevinsawicki/http-request|2d62a3e9da726942a93cf16b6e91c0187e6c0136|163|http-request-lib|com.github.kevinsawicki.http.HttpRequestTest.postWithEscapedVarargsQueryParams|OD
https://github.com/kevinsawicki/http-request|2d62a3e9da726942a93cf16b6e91c0187e6c0136|163|http-request-lib|com.github.kevinsawicki.http.HttpRequestTest.postWithMappedQueryParams|OD
https://github.com/kevinsawicki/http-request|2d62a3e9da726942a93cf16b6e91c0187e6c0136|163|http-request-lib|com.github.kevinsawicki.http.HttpRequestTest.postWithNumericQueryParams|OD
https://github.com/kevinsawicki/http-request|2d62a3e9da726942a93cf16b6e91c0187e6c0136|163|http-request-lib|com.github.kevinsawicki.http.HttpRequestTest.postWithVaragsQueryParams|OD
https://github.com/kevinsawicki/http-request|2d62a3e9da726942a93cf16b6e91c0187e6c0136|163|http-request-lib|com.github.kevinsawicki.http.HttpRequestTest.putWithEscapedMappedQueryParams|OD
https://github.com/kevinsawicki/http-request|2d62a3e9da726942a93cf16b6e91c0187e6c0136|163|http-request-lib|com.github.kevinsawicki.http.HttpRequestTest.putWithEscapedVarargsQueryParams|OD
https://github.com/kevinsawicki/http-request|2d62a3e9da726942a93cf16b6e91c0187e6c0136|163|http-request-lib|com.github.kevinsawicki.http.HttpRequestTest.putWithMappedQueryParams|OD
https://github.com/kevinsawicki/http-request|2d62a3e9da726942a93cf16b6e91c0187e6c0136|163|http-request-lib|com.github.kevinsawicki.http.HttpRequestTest.putWithVarargsQueryParams|OD
https://github.com/kevinsawicki/http-request|2d62a3e9da726942a93cf16b6e91c0187e6c0136|163|http-request-lib|com.github.kevinsawicki.http.HttpRequestTest.singleSslSocketFactory|OD
https://github.com/kevinsawicki/http-request|2d62a3e9da726942a93cf16b6e91c0187e6c0136|163|http-request-lib|com.github.kevinsawicki.http.HttpRequestTest.singleVerifier|OD
https://github.com/kevinsawicki/http-request|2d62a3e9da726942a93cf16b6e91c0187e6c0136|163|http-request-lib|com.github.kevinsawicki.http.HttpRequestTest.verifierAccepts|OD
https://github.com/knightliao/disconf|2ac5c8275ad8cdc101522ad01a8ba87e53b73b68|16|disconf-disconf-client|com.baidu.disconf.client.test.DisconfMgrTestCase.demo|NO
https://github.com/looly/hutool|91565d052d2771dd26547e79c619ee8c31497e8f|4|hutool-hutool-cron|cn.hutool.cron.test.CronTest.matchAllTest|NO
https://github.com/orbit/orbit|c4904af2f3745fea93871493edd7e09348e77768|20|orbit-actors-runtime|cloud.orbit.actors.extensions.test.LengthFieldHandlerTest.randomMessages|NO
https://github.com/querydsl/querydsl|2bf234caf78549813a1e0f44d9c30ecc5ef734e3|12|querydsl-querydsl-hibernate-search|com.querydsl.hibernate.search.SearchQueryTest.count|NO
https://github.com/querydsl/querydsl|2bf234caf78549813a1e0f44d9c30ecc5ef734e3|12|querydsl-querydsl-hibernate-search|com.querydsl.hibernate.search.SearchQueryTest.listResults|NO
https://github.com/querydsl/querydsl|2bf234caf78549813a1e0f44d9c30ecc5ef734e3|12|querydsl-querydsl-hibernate-search|com.querydsl.hibernate.search.SearchQueryTest.paging|NO
https://github.com/spotify/helios|aebf68dcbdf9d3850478e8bddd2c478fa5fa282a|36|helios-helios-testing|com.spotify.helios.testing.HeliosSoloDeploymentTest.testUndeployLeftoverJobs|NO
https://github.com/spring-projects/spring-boot|daa3d457b71896a758995c264977bdd1414ee4d4|887|spring-boot-spring-boot-project-spring-boot-actuator|org.springframework.boot.actuate.logging.LoggersEndpointWebIntegrationTests.logLevelForLoggerWithNameThatCouldBeMistakenForAPathExtension[Jersey]|NO
https://github.com/spring-projects/spring-boot|daa3d457b71896a758995c264977bdd1414ee4d4|222|spring-boot-spring-boot-project-spring-boot-test-autoconfigure|org.springframework.boot.test.autoconfigure.web.servlet.mockmvc.WebMvcTestWebDriverCustomScopeIntegrationTests.shouldBeTheSameWebClient|OD
https://github.com/spring-projects/spring-boot|daa3d457b71896a758995c264977bdd1414ee4d4|222|spring-boot-spring-boot-project-spring-boot-test-autoconfigure|org.springframework.boot.test.autoconfigure.web.servlet.mockmvc.WebMvcTestWebDriverIntegrationTests.shouldBeADifferentWebClient|OD
https://github.com/square/otto|2a67589abd91879cf23a8c96542b59349485ec3d|51|otto-otto|com.squareup.otto.outside.AnnotatedHandlerFinderTest.neitherOverriddenNorAnnotated|NO
https://github.com/square/retrofit|ae28c3d5f6fe54f6ca409cdf82106efb47609f8f|296|retrofit-retrofit|retrofit2.CallTest.cancelOkHttpRequest|NO
https://github.com/square/retrofit|ae28c3d5f6fe54f6ca409cdf82106efb47609f8f|296|retrofit-retrofit|retrofit2.CallTest.cancelRequest|NO
https://github.com/square/retrofit|ae28c3d5f6fe54f6ca409cdf82106efb47609f8f|79|retrofit-retrofit-adapters-rxjava|retrofit2.adapter.rxjava.CancelDisposeTest.cancelDoesNotDispose|NO
https://github.com/square/retrofit|ae28c3d5f6fe54f6ca409cdf82106efb47609f8f|79|retrofit-retrofit-adapters-rxjava|retrofit2.adapter.rxjava.CompletableThrowingSafeSubscriberTest.throwingInOnCompleteDeliveredToPlugin|NO
https://github.com/square/retrofit|ae28c3d5f6fe54f6ca409cdf82106efb47609f8f|79|retrofit-retrofit-adapters-rxjava|retrofit2.adapter.rxjava.CompletableThrowingTest.bodyThrowingInOnErrorDeliveredToPlugin|NO
https://github.com/square/retrofit|ae28c3d5f6fe54f6ca409cdf82106efb47609f8f|79|retrofit-retrofit-adapters-rxjava|retrofit2.adapter.rxjava.CompletableThrowingTest.throwingInOnCompleteDeliveredToPlugin|NO
https://github.com/square/retrofit|ae28c3d5f6fe54f6ca409cdf82106efb47609f8f|79|retrofit-retrofit-adapters-rxjava|retrofit2.adapter.rxjava.ObservableThrowingTest.responseThrowingInOnCompleteDeliveredToPlugin|NO
https://github.com/square/retrofit|ae28c3d5f6fe54f6ca409cdf82106efb47609f8f|79|retrofit-retrofit-adapters-rxjava|retrofit2.adapter.rxjava.SingleThrowingTest.bodyThrowingInOnSuccessDeliveredToPlugin|NO
https://github.com/square/retrofit|ae28c3d5f6fe54f6ca409cdf82106efb47609f8f|79|retrofit-retrofit-adapters-rxjava|retrofit2.adapter.rxjava.SingleThrowingTest.responseThrowingInOnSuccessDeliveredToPlugin|NO
https://github.com/undertow-io/undertow|d0efffad5d2034bb07525cac9b299dac72c3045d|77|undertow-websockets-jsr|io.undertow.websockets.jsr.test.JsrWebSocketServer07Test.testErrorHandling|NO
https://github.com/undertow-io/undertow|d0efffad5d2034bb07525cac9b299dac72c3045d|77|undertow-websockets-jsr|io.undertow.websockets.jsr.test.JsrWebSocketServer08Test.testErrorHandling|NO
https://github.com/undertow-io/undertow|d0efffad5d2034bb07525cac9b299dac72c3045d|77|undertow-websockets-jsr|io.undertow.websockets.jsr.test.JsrWebSocketServer13Test.testErrorHandling|NO
https://github.com/undertow-io/undertow|d0efffad5d2034bb07525cac9b299dac72c3045d|77|undertow-websockets-jsr|io.undertow.websockets.jsr.test.annotated.AnnotatedEndpointTest.testCloseReason|OD
https://github.com/undertow-io/undertow|d0efffad5d2034bb07525cac9b299dac72c3045d|77|undertow-websockets-jsr|io.undertow.websockets.jsr.test.reconnect.ClientEndpointReconnectTestCase.testAnnotatedClientEndpoint|NO
https://github.com/wildfly/wildfly|b19048b72669fc0e96665b1b125dc1fda21f5993|82|wildfly-naming|org.jboss.as.naming.InitialContextFactoryTestCase.testInitialFactory|OD
https://github.com/wildfly/wildfly|b19048b72669fc0e96665b1b125dc1fda21f5993|82|wildfly-naming|org.jboss.as.naming.InitialContextFactoryTestCase.testJavaContext|OD
https://github.com/wildfly/wildfly|b19048b72669fc0e96665b1b125dc1fda21f5993|82|wildfly-naming|org.jboss.as.naming.InitialContextTestCase.testRegisterURLSchemeHandler|OD
https://github.com/wildfly/wildfly|b19048b72669fc0e96665b1b125dc1fda21f5993|82|wildfly-naming|org.jboss.as.naming.NamingContextTestCase.testBind|OD
https://github.com/wildfly/wildfly|b19048b72669fc0e96665b1b125dc1fda21f5993|82|wildfly-naming|org.jboss.as.naming.NamingContextTestCase.testBindReferenceable|OD
https://github.com/wildfly/wildfly|b19048b72669fc0e96665b1b125dc1fda21f5993|82|wildfly-naming|org.jboss.as.naming.NamingContextTestCase.testCreateSubcontext|OD
https://github.com/wildfly/wildfly|b19048b72669fc0e96665b1b125dc1fda21f5993|82|wildfly-naming|org.jboss.as.naming.NamingContextTestCase.testList|OD
https://github.com/wildfly/wildfly|b19048b72669fc0e96665b1b125dc1fda21f5993|82|wildfly-naming|org.jboss.as.naming.NamingContextTestCase.testListBindings|OD
https://github.com/wildfly/wildfly|b19048b72669fc0e96665b1b125dc1fda21f5993|82|wildfly-naming|org.jboss.as.naming.NamingContextTestCase.testListBindingsNameNotFound|OD
https://github.com/wildfly/wildfly|b19048b72669fc0e96665b1b125dc1fda21f5993|82|wildfly-naming|org.jboss.as.naming.NamingContextTestCase.testListBindingsWithContinuation|OD
https://github.com/wildfly/wildfly|b19048b72669fc0e96665b1b125dc1fda21f5993|82|wildfly-naming|org.jboss.as.naming.NamingContextTestCase.testListNameNotFound|OD
https://github.com/wildfly/wildfly|b19048b72669fc0e96665b1b125dc1fda21f5993|82|wildfly-naming|org.jboss.as.naming.NamingContextTestCase.testListWithContinuation|OD
https://github.com/wildfly/wildfly|b19048b72669fc0e96665b1b125dc1fda21f5993|82|wildfly-naming|org.jboss.as.naming.NamingContextTestCase.testLookup|OD
https://github.com/wildfly/wildfly|b19048b72669fc0e96665b1b125dc1fda21f5993|82|wildfly-naming|org.jboss.as.naming.NamingContextTestCase.testLookupContextLink|OD
https://github.com/wildfly/wildfly|b19048b72669fc0e96665b1b125dc1fda21f5993|82|wildfly-naming|org.jboss.as.naming.NamingContextTestCase.testLookupEmptyName|OD
https://github.com/wildfly/wildfly|b19048b72669fc0e96665b1b125dc1fda21f5993|82|wildfly-naming|org.jboss.as.naming.NamingContextTestCase.testLookupLink|OD
https://github.com/wildfly/wildfly|b19048b72669fc0e96665b1b125dc1fda21f5993|82|wildfly-naming|org.jboss.as.naming.NamingContextTestCase.testLookupNameNotFound|OD
https://github.com/wildfly/wildfly|b19048b72669fc0e96665b1b125dc1fda21f5993|82|wildfly-naming|org.jboss.as.naming.NamingContextTestCase.testLookupReference|OD
https://github.com/wildfly/wildfly|b19048b72669fc0e96665b1b125dc1fda21f5993|82|wildfly-naming|org.jboss.as.naming.NamingContextTestCase.testLookupWitResolveResult|OD
https://github.com/wildfly/wildfly|b19048b72669fc0e96665b1b125dc1fda21f5993|82|wildfly-naming|org.jboss.as.naming.NamingContextTestCase.testLookupWithContinuation|OD
https://github.com/wildfly/wildfly|b19048b72669fc0e96665b1b125dc1fda21f5993|82|wildfly-naming|org.jboss.as.naming.NamingContextTestCase.testRebind|OD
https://github.com/wildfly/wildfly|b19048b72669fc0e96665b1b125dc1fda21f5993|82|wildfly-naming|org.jboss.as.naming.NamingContextTestCase.testRebindReferenceable|OD
https://github.com/wildfly/wildfly|b19048b72669fc0e96665b1b125dc1fda21f5993|82|wildfly-naming|org.jboss.as.naming.NamingContextTestCase.testUnbind|OD
https://github.com/wildfly/wildfly|b19048b72669fc0e96665b1b125dc1fda21f5993|82|wildfly-naming|org.jboss.as.naming.NamingEventCoordinatorTestCase.testFireAllEvent|OD
https://github.com/wildfly/wildfly|b19048b72669fc0e96665b1b125dc1fda21f5993|82|wildfly-naming|org.jboss.as.naming.NamingEventCoordinatorTestCase.testFireMultiLevelEvent|OD
https://github.com/wildfly/wildfly|b19048b72669fc0e96665b1b125dc1fda21f5993|82|wildfly-naming|org.jboss.as.naming.NamingEventCoordinatorTestCase.testFireObjectEvent|OD
https://github.com/wildfly/wildfly|b19048b72669fc0e96665b1b125dc1fda21f5993|82|wildfly-naming|org.jboss.as.naming.NamingEventCoordinatorTestCase.testFireOneLevelEvent|OD
https://github.com/wildfly/wildfly|b19048b72669fc0e96665b1b125dc1fda21f5993|82|wildfly-naming|org.jboss.as.naming.NamingEventCoordinatorTestCase.testFireSubTreeEvent|OD
https://github.com/wildfly/wildfly|b19048b72669fc0e96665b1b125dc1fda21f5993|82|wildfly-naming|org.jboss.as.naming.ObjectFactoryTestCase.testBindAndRetrieveObjectFactoryFromInitialContext|OD
https://github.com/wildfly/wildfly|b19048b72669fc0e96665b1b125dc1fda21f5993|82|wildfly-naming|org.jboss.as.naming.ObjectFactoryTestCase.testBindAndRetrieveObjectFactoryFromNamingContext|OD
https://github.com/wildfly/wildfly|b19048b72669fc0e96665b1b125dc1fda21f5993|82|wildfly-naming|org.jboss.as.naming.ServiceBasedNamingStoreTestCase.testListBindings|OD
https://github.com/wildfly/wildfly|b19048b72669fc0e96665b1b125dc1fda21f5993|82|wildfly-naming|org.jboss.as.naming.ServiceBasedNamingStoreTestCase.testLookupBinding|OD
https://github.com/wildfly/wildfly|b19048b72669fc0e96665b1b125dc1fda21f5993|82|wildfly-naming|org.jboss.as.naming.ServiceBasedNamingStoreTestCase.testLookupBindingUsingNestedContext|OD
https://github.com/wildfly/wildfly|b19048b72669fc0e96665b1b125dc1fda21f5993|82|wildfly-naming|org.jboss.as.naming.ServiceBasedNamingStoreTestCase.testStoredContext|OD
https://github.com/wildfly/wildfly|b19048b72669fc0e96665b1b125dc1fda21f5993|82|wildfly-naming|org.jboss.as.naming.WritableServiceBasedNamingStoreTestCase.testBind|OD
https://github.com/wildfly/wildfly|b19048b72669fc0e96665b1b125dc1fda21f5993|82|wildfly-naming|org.jboss.as.naming.WritableServiceBasedNamingStoreTestCase.testBindNested|OD
https://github.com/wildfly/wildfly|b19048b72669fc0e96665b1b125dc1fda21f5993|82|wildfly-naming|org.jboss.as.naming.WritableServiceBasedNamingStoreTestCase.testPermissions|OD
https://github.com/wildfly/wildfly|b19048b72669fc0e96665b1b125dc1fda21f5993|82|wildfly-naming|org.jboss.as.naming.WritableServiceBasedNamingStoreTestCase.testRebind|OD
https://github.com/wildfly/wildfly|b19048b72669fc0e96665b1b125dc1fda21f5993|82|wildfly-naming|org.jboss.as.naming.subsystem.NamingSubsystemTestCase.testCompositeBindingOps|OD
https://github.com/wildfly/wildfly|b19048b72669fc0e96665b1b125dc1fda21f5993|82|wildfly-naming|org.jboss.as.naming.subsystem.NamingSubsystemTestCase.testCompositeBindingUpdate|OD
https://github.com/wildfly/wildfly|b19048b72669fc0e96665b1b125dc1fda21f5993|82|wildfly-naming|org.jboss.as.naming.subsystem.NamingSubsystemTestCase.testOnlyExternalContextAllowsCache|OD
https://github.com/wildfly/wildfly|b19048b72669fc0e96665b1b125dc1fda21f5993|82|wildfly-naming|org.jboss.as.naming.subsystem.NamingSubsystemTestCase.testRejectionsEAP6|OD
https://github.com/wildfly/wildfly|b19048b72669fc0e96665b1b125dc1fda21f5993|82|wildfly-naming|org.jboss.as.naming.subsystem.NamingSubsystemTestCase.testRejectionsEAP7|OD
https://github.com/wildfly/wildfly|b19048b72669fc0e96665b1b125dc1fda21f5993|82|wildfly-naming|org.jboss.as.naming.subsystem.NamingSubsystemTestCase.testSubsystem|OD
https://github.com/wro4j/wro4j|185ab607f1d649ca38b4a772831ee754cd4649fb|283|wro4j-wro4j-extensions|ro.isdc.wro.extensions.processor.TestBourbonCssProcessor.shouldBeThreadSafe|NO
https://github.com/wro4j/wro4j|185ab607f1d649ca38b4a772831ee754cd4649fb|283|wro4j-wro4j-extensions|ro.isdc.wro.extensions.processor.TestRubySassCssProcessor.shouldBeThreadSafeWhenInitializingProcessor|NO
