#url,sha,module,test,submitted?,accepted?,alreadyfixed?,nofix?
https://github.com/activiti/activiti,b11f757a48600e53aaf3fcb7a3ba1ece6c463cb4,Activiti-activiti-spring-boot-starter,org.activiti.spring.boot.tasks.TaskRuntimeClaimReleaseTest.aCreateStandaloneTaskForGroup,N,N,Y,N
https://github.com/activiti/activiti,b11f757a48600e53aaf3fcb7a3ba1ece6c463cb4,Activiti-activiti-spring-boot-starter,org.activiti.spring.boot.tasks.TaskRuntimeClaimReleaseTest.bClaimAndRelease,N,N,Y,N
https://github.com/activiti/activiti,b11f757a48600e53aaf3fcb7a3ba1ece6c463cb4,Activiti-activiti-spring-boot-starter,org.activiti.spring.boot.tasks.TaskRuntimeClaimReleaseTest.eCreateStandaloneTaskAndClaimAndReleaseUnAuthorized,N,N,Y,N
https://github.com/activiti/activiti,b11f757a48600e53aaf3fcb7a3ba1ece6c463cb4,Activiti-activiti-spring-boot-starter,org.activiti.spring.boot.tasks.TaskRuntimeClaimReleaseTest.fCreateStandaloneTaskAndClaimAndReleaseUnAuthorized,N,N,Y,N
https://github.com/activiti/activiti,b11f757a48600e53aaf3fcb7a3ba1ece6c463cb4,Activiti-activiti-spring-boot-starter,org.activiti.spring.boot.tasks.TaskRuntimeCompleteTaskTest.aCreateStandaloneTaskAndComplete,N,N,Y,N
https://github.com/activiti/activiti,b11f757a48600e53aaf3fcb7a3ba1ece6c463cb4,Activiti-activiti-spring-boot-starter,org.activiti.spring.boot.tasks.TaskRuntimeCompleteTaskTest.bCreateStandaloneTask,N,N,Y,N
https://github.com/activiti/activiti,b11f757a48600e53aaf3fcb7a3ba1ece6c463cb4,Activiti-activiti-spring-boot-starter,org.activiti.spring.boot.tasks.TaskRuntimeCompleteTaskTest.ctryCompletingWithUnauthorizedUser,N,N,Y,N
https://github.com/activiti/activiti,b11f757a48600e53aaf3fcb7a3ba1ece6c463cb4,Activiti-activiti-spring-boot-starter,org.activiti.spring.boot.tasks.TaskRuntimeDeleteTaskTest.aCreateStandaloneTaskAndDelete,N,N,Y,N
https://github.com/activiti/activiti,b11f757a48600e53aaf3fcb7a3ba1ece6c463cb4,Activiti-activiti-spring-boot-starter,org.activiti.spring.boot.tasks.TaskRuntimeDeleteTaskTest.cCreateStandaloneGroupTaskClaimAndDeleteFail,N,N,Y,N
https://github.com/activiti/activiti,b11f757a48600e53aaf3fcb7a3ba1ece6c463cb4,Activiti-activiti-spring-boot-starter,org.activiti.spring.boot.tasks.TaskRuntimeDeleteTaskTest.dClaimTaskCreatedForGroup,N,N,Y,N
https://github.com/activiti/activiti,b11f757a48600e53aaf3fcb7a3ba1ece6c463cb4,Activiti-activiti-spring-boot-starter,org.activiti.spring.boot.tasks.TaskRuntimeDeleteTaskTest.eClaimTaskCreatedForGroup,N,N,Y,N
https://github.com/activiti/activiti,b11f757a48600e53aaf3fcb7a3ba1ece6c463cb4,Activiti-activiti-spring-boot-starter,org.activiti.spring.boot.tasks.TaskRuntimeStandaloneTaskTest.aCreateStandaloneTaskForSalaboy,N,N,Y,N
https://github.com/activiti/activiti,b11f757a48600e53aaf3fcb7a3ba1ece6c463cb4,Activiti-activiti-spring-boot-starter,org.activiti.spring.boot.tasks.TaskRuntimeStandaloneTaskTest.bCreateStandaloneTaskForGroup,N,N,Y,N
https://github.com/activiti/activiti,b11f757a48600e53aaf3fcb7a3ba1ece6c463cb4,Activiti-activiti-spring-boot-starter,org.activiti.spring.boot.tasks.TaskRuntimeTaskAssigneeTest.aCreateStandaloneTaskForAnotherAssignee,N,N,Y,N
https://github.com/activiti/activiti,b11f757a48600e53aaf3fcb7a3ba1ece6c463cb4,Activiti-activiti-spring-boot-starter,org.activiti.spring.boot.tasks.TaskRuntimeTaskAssigneeTest.bCreateCheckTaskCreatedForSalaboyFromAnotherUser,N,N,Y,N
https://github.com/activiti/activiti,b11f757a48600e53aaf3fcb7a3ba1ece6c463cb4,Activiti-activiti-spring-boot-starter,org.activiti.spring.boot.tasks.TaskRuntimeTaskAssigneeTest.cCreateStandaloneTaskForGroupAndClaim,N,N,Y,N
https://github.com/activiti/activiti,b11f757a48600e53aaf3fcb7a3ba1ece6c463cb4,Activiti-activiti-spring-boot-starter,org.activiti.spring.boot.tasks.TaskRuntimeTaskForOtherTest.aCreateStandaloneTaskWithNoCandidates,N,N,Y,N
https://github.com/activiti/activiti,b11f757a48600e53aaf3fcb7a3ba1ece6c463cb4,Activiti-activiti-spring-boot-starter,org.activiti.spring.boot.tasks.TaskRuntimeTaskForOtherTest.bCheckThatTaskIsNotVisibleForNonCandidateUsers,N,N,Y,N
https://github.com/activiti/activiti,b11f757a48600e53aaf3fcb7a3ba1ece6c463cb4,Activiti-activiti-spring-boot-starter,org.activiti.spring.boot.tasks.TaskRuntimeUnAuthorizedTest.aCreateStandaloneTaskForGroup,N,N,Y,N
https://github.com/activiti/activiti,b11f757a48600e53aaf3fcb7a3ba1ece6c463cb4,Activiti-activiti-spring-boot-starter,org.activiti.spring.boot.tasks.TaskRuntimeUnAuthorizedTest.bClaimNotFoundBecauseYouAreNotACandidate,N,N,Y,N
https://github.com/alibaba/fastjson,57d0434ab01c55e719bb52f3ec96bf12cad0e46c,fastjson,com.alibaba.json.bvt.bug.Issue_717.test_for_issue,N,N,N,N
https://github.com/alibaba/fastjson,57d0434ab01c55e719bb52f3ec96bf12cad0e46c,fastjson,com.alibaba.json.bvt.date.DateTest.test_date,Y,N,N,N
https://github.com/alibaba/fastjson,57d0434ab01c55e719bb52f3ec96bf12cad0e46c,fastjson,com.alibaba.json.bvt.date.DateTest_tz.test_codec,Y,N,N,N
https://github.com/alibaba/fastjson,57d0434ab01c55e719bb52f3ec96bf12cad0e46c,fastjson,com.alibaba.json.bvt.issue_1200.Issue1298.test_for_issue_1,Y,N,N,N
https://github.com/alibaba/fastjson,57d0434ab01c55e719bb52f3ec96bf12cad0e46c,fastjson,com.alibaba.json.bvt.issue_1200.Issue1298.test_for_issue,Y,N,N,N
https://github.com/alibaba/fastjson,57d0434ab01c55e719bb52f3ec96bf12cad0e46c,fastjson,com.alibaba.json.bvt.issue_1600.Issue1679.test_for_issue,Y,N,N,N
https://github.com/alibaba/fastjson,57d0434ab01c55e719bb52f3ec96bf12cad0e46c,fastjson,com.alibaba.json.bvt.issue_1700.Issue1769.test_for_issue,N,N,N,N
https://github.com/alibaba/fastjson,57d0434ab01c55e719bb52f3ec96bf12cad0e46c,fastjson,com.alibaba.json.bvt.issue_1900.Issue1977.test_for_issue,Y,N,N,N
https://github.com/alibaba/fastjson,57d0434ab01c55e719bb52f3ec96bf12cad0e46c,fastjson,com.alibaba.json.bvt.serializer.date.DateTest4_indian.test_date,Y,N,N,N
https://github.com/alibaba/fastjson,57d0434ab01c55e719bb52f3ec96bf12cad0e46c,fastjson,com.alibaba.json.bvt.serializer.date.DateTest5_iso8601.test_date,Y,N,N,N
https://github.com/alibaba/fastjson,57d0434ab01c55e719bb52f3ec96bf12cad0e46c,fastjson,com.alibaba.json.bvt.serializer.JSONFieldTest5.test_jsonField,N,N,N,N
https://github.com/alibaba/fastjson,57d0434ab01c55e719bb52f3ec96bf12cad0e46c,fastjson,com.alibaba.json.bvt.serializer.JSONSerializerTest2.test_0,Y,Y,N,N
https://github.com/alibaba/fastjson,57d0434ab01c55e719bb52f3ec96bf12cad0e46c,fastjson,com.alibaba.json.bvt.serializer.MaxBufSizeTest.test_max_buf,N,N,N,N
https://github.com/alien4cloud/alien4cloud,eb57d0feca6c37e0a4aafc3feef494e43e02ecda,alien4cloud-alien4cloud-security,alien4cloud.security.LdapAuthenticationProviderTest.testLdapUserImport,N,N,N,N
https://github.com/alturkovic/distributed-lock,9f8117bf69219ffc6e9e66bd3acaffaa732237af,distributed-lock-distributed-lock-redis,com.github.alturkovic.lock.redis.impl.MultiRedisLockTest.shouldLockMultipleKeys,N,N,N,N
https://github.com/alturkovic/distributed-lock,9f8117bf69219ffc6e9e66bd3acaffaa732237af,distributed-lock-distributed-lock-redis,com.github.alturkovic.lock.redis.impl.MultiRedisLockTest.shouldLockSingleKey,N,N,N,N
https://github.com/alturkovic/distributed-lock,9f8117bf69219ffc6e9e66bd3acaffaa732237af,distributed-lock-distributed-lock-redis,com.github.alturkovic.lock.redis.impl.MultiRedisLockTest.shouldNotRefreshBecauseOneKeyExpired,N,N,N,N
https://github.com/alturkovic/distributed-lock,9f8117bf69219ffc6e9e66bd3acaffaa732237af,distributed-lock-distributed-lock-redis,com.github.alturkovic.lock.redis.impl.MultiRedisLockTest.shouldNotRefreshBecauseTokenForOneKeyDoesNotMatch,N,N,N,N
https://github.com/alturkovic/distributed-lock,9f8117bf69219ffc6e9e66bd3acaffaa732237af,distributed-lock-distributed-lock-redis,com.github.alturkovic.lock.redis.impl.MultiRedisLockTest.shouldRefresh,N,N,N,N
https://github.com/alturkovic/distributed-lock,9f8117bf69219ffc6e9e66bd3acaffaa732237af,distributed-lock-distributed-lock-redis,com.github.alturkovic.lock.redis.impl.SimpleRedisLockTest.shouldLock,N,N,N,N
https://github.com/alturkovic/distributed-lock,9f8117bf69219ffc6e9e66bd3acaffaa732237af,distributed-lock-distributed-lock-redis,com.github.alturkovic.lock.redis.impl.SimpleRedisLockTest.shouldNotRefreshBecauseTokenDoesNotMatch,N,N,N,N
https://github.com/alturkovic/distributed-lock,9f8117bf69219ffc6e9e66bd3acaffaa732237af,distributed-lock-distributed-lock-redis,com.github.alturkovic.lock.redis.impl.SimpleRedisLockTest.shouldRefresh,N,N,N,N
https://github.com/apache/hadoop,cc2babc1f75c93bf89a8f10da525f944c15d02ea,hadoop-hadoop-common-project-hadoop-auth,org.apache.hadoop.security.authentication.util.TestKerberosName.testRules,N,N,N,N
https://github.com/apache/hadoop,cc2babc1f75c93bf89a8f10da525f944c15d02ea,hadoop-hadoop-yarn-project-hadoop-yarn-hadoop-yarn-server-hadoop-yarn-server-timeline-pluginstorage,org.apache.hadoop.yarn.server.timeline.TestEntityGroupFSTimelineStore.testCleanLogs,Y,N,N,N
https://github.com/apache/hadoop,cc2babc1f75c93bf89a8f10da525f944c15d02ea,hadoop-hadoop-yarn-project-hadoop-yarn-hadoop-yarn-server-hadoop-yarn-server-timeline-pluginstorage,org.apache.hadoop.yarn.server.timeline.TestEntityGroupFSTimelineStore.testSummaryRead,N,N,N,N
https://github.com/apache/hadoop,cc2babc1f75c93bf89a8f10da525f944c15d02ea,hadoop-hadoop-yarn-project-hadoop-yarn-hadoop-yarn-server-hadoop-yarn-server-timeline-pluginstorage,org.apache.hadoop.yarn.server.timeline.TestLogInfo.testMatchesGroupId,N,N,N,N
https://github.com/apache/hadoop,cc2babc1f75c93bf89a8f10da525f944c15d02ea,hadoop-hadoop-yarn-project-hadoop-yarn-hadoop-yarn-server-hadoop-yarn-server-timeline-pluginstorage,org.apache.hadoop.yarn.server.timeline.TestLogInfo.testParseDomain,N,N,N,N
https://github.com/apache/hadoop,cc2babc1f75c93bf89a8f10da525f944c15d02ea,hadoop-hadoop-yarn-project-hadoop-yarn-hadoop-yarn-server-hadoop-yarn-server-timelineservice-hbase-tests,org.apache.hadoop.yarn.server.timelineservice.storage.flow.TestHBaseStorageFlowRunCompaction.testWriteScanBatchLimit,N,N,N,N
https://github.com/apache/hadoop,cc2babc1f75c93bf89a8f10da525f944c15d02ea,hadoop-hadoop-yarn-project-hadoop-yarn-hadoop-yarn-server-hadoop-yarn-server-timelineservice-hbase-tests,org.apache.hadoop.yarn.server.timelineservice.storage.TestHBaseTimelineStorageEntities.testWriteEntityToHBase,N,N,N,N
https://github.com/apache/hadoop,cc2babc1f75c93bf89a8f10da525f944c15d02ea,hadoop-hadoop-yarn-project-hadoop-yarn-hadoop-yarn-server-hadoop-yarn-server-timelineservice,org.apache.hadoop.yarn.server.timelineservice.reader.TestTimelineReaderWebServicesBasicAcl.testTimelineReaderManagerAclsWhenDisabled,N,N,N,N
https://github.com/apache/hadoop,cc2babc1f75c93bf89a8f10da525f944c15d02ea,hadoop-hadoop-yarn-project-hadoop-yarn-hadoop-yarn-server-hadoop-yarn-server-timelineservice,org.apache.hadoop.yarn.server.timelineservice.reader.TestTimelineReaderWebServicesBasicAcl.testTimelineReaderManagerAclsWhenEnabled,N,N,N,N
https://github.com/apache/hadoop,cc2babc1f75c93bf89a8f10da525f944c15d02ea,hadoop-hadoop-yarn-project-hadoop-yarn-hadoop-yarn-server-hadoop-yarn-server-timelineservice,org.apache.hadoop.yarn.server.timelineservice.reader.TestTimelineReaderWebServices.testAbout,N,N,N,N
https://github.com/apache/hadoop,cc2babc1f75c93bf89a8f10da525f944c15d02ea,hadoop-hadoop-yarn-project-hadoop-yarn-hadoop-yarn-server-hadoop-yarn-server-timelineservice,org.apache.hadoop.yarn.server.timelineservice.reader.TestTimelineReaderWebServices.testGetAppAttempt,N,N,N,N
https://github.com/apache/hadoop,cc2babc1f75c93bf89a8f10da525f944c15d02ea,hadoop-hadoop-yarn-project-hadoop-yarn-hadoop-yarn-server-hadoop-yarn-server-timelineservice,org.apache.hadoop.yarn.server.timelineservice.reader.TestTimelineReaderWebServices.testGetAppAttempts,N,N,N,N
https://github.com/apache/hadoop,cc2babc1f75c93bf89a8f10da525f944c15d02ea,hadoop-hadoop-yarn-project-hadoop-yarn-hadoop-yarn-server-hadoop-yarn-server-timelineservice,org.apache.hadoop.yarn.server.timelineservice.reader.TestTimelineReaderWebServices.testGetContainer,N,N,N,N
https://github.com/apache/hadoop,cc2babc1f75c93bf89a8f10da525f944c15d02ea,hadoop-hadoop-yarn-project-hadoop-yarn-hadoop-yarn-server-hadoop-yarn-server-timelineservice,org.apache.hadoop.yarn.server.timelineservice.reader.TestTimelineReaderWebServices.testGetContainers,N,N,N,N
https://github.com/apache/hadoop,cc2babc1f75c93bf89a8f10da525f944c15d02ea,hadoop-hadoop-yarn-project-hadoop-yarn-hadoop-yarn-server-hadoop-yarn-server-timelineservice,org.apache.hadoop.yarn.server.timelineservice.reader.TestTimelineReaderWebServices.testGetEntitiesBasedOnCreatedTime,N,N,N,N
https://github.com/apache/hadoop,cc2babc1f75c93bf89a8f10da525f944c15d02ea,hadoop-hadoop-yarn-project-hadoop-yarn-hadoop-yarn-server-hadoop-yarn-server-timelineservice,org.apache.hadoop.yarn.server.timelineservice.reader.TestTimelineReaderWebServices.testGetEntitiesByConfigFilters,N,N,N,N
https://github.com/apache/hadoop,cc2babc1f75c93bf89a8f10da525f944c15d02ea,hadoop-hadoop-yarn-project-hadoop-yarn-hadoop-yarn-server-hadoop-yarn-server-timelineservice,org.apache.hadoop.yarn.server.timelineservice.reader.TestTimelineReaderWebServices.testGetEntitiesByEventFilters,N,N,N,N
https://github.com/apache/hadoop,cc2babc1f75c93bf89a8f10da525f944c15d02ea,hadoop-hadoop-yarn-project-hadoop-yarn-hadoop-yarn-server-hadoop-yarn-server-timelineservice,org.apache.hadoop.yarn.server.timelineservice.reader.TestTimelineReaderWebServices.testGetEntitiesByInfoFilters,N,N,N,N
https://github.com/apache/hadoop,cc2babc1f75c93bf89a8f10da525f944c15d02ea,hadoop-hadoop-yarn-project-hadoop-yarn-hadoop-yarn-server-hadoop-yarn-server-timelineservice,org.apache.hadoop.yarn.server.timelineservice.reader.TestTimelineReaderWebServices.testGetEntitiesByMetricFilters,N,N,N,N
https://github.com/apache/hadoop,cc2babc1f75c93bf89a8f10da525f944c15d02ea,hadoop-hadoop-yarn-project-hadoop-yarn-hadoop-yarn-server-hadoop-yarn-server-timelineservice,org.apache.hadoop.yarn.server.timelineservice.reader.TestTimelineReaderWebServices.testGetEntitiesByRelations,N,N,N,N
https://github.com/apache/hadoop,cc2babc1f75c93bf89a8f10da525f944c15d02ea,hadoop-hadoop-yarn-project-hadoop-yarn-hadoop-yarn-server-hadoop-yarn-server-timelineservice,org.apache.hadoop.yarn.server.timelineservice.reader.TestTimelineReaderWebServices.testGetEntitiesNoMatch,N,N,N,N
https://github.com/apache/hadoop,cc2babc1f75c93bf89a8f10da525f944c15d02ea,hadoop-hadoop-yarn-project-hadoop-yarn-hadoop-yarn-server-hadoop-yarn-server-timelineservice,org.apache.hadoop.yarn.server.timelineservice.reader.TestTimelineReaderWebServices.testGetEntities,N,N,N,N
https://github.com/apache/hadoop,cc2babc1f75c93bf89a8f10da525f944c15d02ea,hadoop-hadoop-yarn-project-hadoop-yarn-hadoop-yarn-server-hadoop-yarn-server-timelineservice,org.apache.hadoop.yarn.server.timelineservice.reader.TestTimelineReaderWebServices.testGetEntitiesWithLimit,N,N,N,N
https://github.com/apache/hadoop,cc2babc1f75c93bf89a8f10da525f944c15d02ea,hadoop-hadoop-yarn-project-hadoop-yarn-hadoop-yarn-server-hadoop-yarn-server-timelineservice,org.apache.hadoop.yarn.server.timelineservice.reader.TestTimelineReaderWebServices.testGetEntityAllFields,N,N,N,N
https://github.com/apache/hadoop,cc2babc1f75c93bf89a8f10da525f944c15d02ea,hadoop-hadoop-yarn-project-hadoop-yarn-hadoop-yarn-server-hadoop-yarn-server-timelineservice,org.apache.hadoop.yarn.server.timelineservice.reader.TestTimelineReaderWebServices.testGetEntityCustomFields,N,N,N,N
https://github.com/apache/hadoop,cc2babc1f75c93bf89a8f10da525f944c15d02ea,hadoop-hadoop-yarn-project-hadoop-yarn-hadoop-yarn-server-hadoop-yarn-server-timelineservice,org.apache.hadoop.yarn.server.timelineservice.reader.TestTimelineReaderWebServices.testGetEntityNotPresent,N,N,N,N
https://github.com/apache/hadoop,cc2babc1f75c93bf89a8f10da525f944c15d02ea,hadoop-hadoop-yarn-project-hadoop-yarn-hadoop-yarn-server-hadoop-yarn-server-timelineservice,org.apache.hadoop.yarn.server.timelineservice.reader.TestTimelineReaderWebServices.testGetEntityWithUserAndFlowInfo,N,N,N,N
https://github.com/apache/hadoop,cc2babc1f75c93bf89a8f10da525f944c15d02ea,hadoop-hadoop-yarn-project-hadoop-yarn-hadoop-yarn-server-hadoop-yarn-server-timelineservice,org.apache.hadoop.yarn.server.timelineservice.reader.TestTimelineReaderWebServices.testInvalidValuesHandling,N,N,N,N
https://github.com/apache/hadoop,cc2babc1f75c93bf89a8f10da525f944c15d02ea,hadoop-hadoop-yarn-project-hadoop-yarn-hadoop-yarn-server-hadoop-yarn-server-timelineservice,org.apache.hadoop.yarn.server.timelineservice.reader.TestTimelineReaderWebServices.testQueryWithoutCluster,N,N,N,N
https://github.com/apache/hbase,801fc05e9c082ab12c7c1207087d3667ab162d1a,hbase-hbase-common,org.apache.hadoop.hbase.util.TestCoprocessorClassLoader.testCleanupOldJars,Y,N,N,N
https://github.com/apache/incubator-dubbo,737f7a7ea67832d7f17517326fb2491d0a086dd7,incubator-dubbo-dubbo-cluster,org.apache.dubbo.rpc.cluster.StickyTest.testMethodStickyNoCheck,Y,Y,N,N
https://github.com/apache/incubator-dubbo,737f7a7ea67832d7f17517326fb2491d0a086dd7,incubator-dubbo-dubbo-cluster,org.apache.dubbo.rpc.cluster.StickyTest.testStickyNoCheck,Y,Y,N,N
https://github.com/apache/incubator-dubbo,737f7a7ea67832d7f17517326fb2491d0a086dd7,incubator-dubbo-dubbo-cluster,org.apache.dubbo.rpc.cluster.support.AbstractClusterInvokerTest.testBindingAttachment,N,N,Y,N
https://github.com/apache/incubator-dubbo,737f7a7ea67832d7f17517326fb2491d0a086dd7,incubator-dubbo-dubbo-cluster,org.apache.dubbo.rpc.cluster.support.ForkingClusterInvokerTest.testClearRpcContext,N,N,Y,N
https://github.com/apache/incubator-dubbo,737f7a7ea67832d7f17517326fb2491d0a086dd7,incubator-dubbo-dubbo-filter-dubbo-filter-cache,org.apache.dubbo.cache.support.jcache.JCacheFactoryTest.testJCacheGetExpired,Y,Y,N,N
https://github.com/apache/incubator-dubbo,737f7a7ea67832d7f17517326fb2491d0a086dd7,incubator-dubbo-dubbo-registry-dubbo-registry-default,org.apache.dubbo.registry.dubbo.RegistryProtocolTest.testDestoryRegistry,N,N,N,N
https://github.com/apache/incubator-dubbo,737f7a7ea67832d7f17517326fb2491d0a086dd7,incubator-dubbo-dubbo-registry-dubbo-registry-default,org.apache.dubbo.registry.dubbo.RegistryProtocolTest.testNotifyOverride_notmatch,N,N,N,N
https://github.com/apache/incubator-dubbo,737f7a7ea67832d7f17517326fb2491d0a086dd7,incubator-dubbo-dubbo-registry-dubbo-registry-default,org.apache.dubbo.registry.dubbo.RegistryProtocolTest.testNotifyOverride,N,N,N,N
https://github.com/apache/incubator-dubbo,737f7a7ea67832d7f17517326fb2491d0a086dd7,incubator-dubbo-dubbo-rpc-dubbo-rpc-dubbo,org.apache.dubbo.rpc.protocol.dubbo.DubboProtocolTest.testDubboProtocolWithMina,Y,Y,N,N
https://github.com/apache/incubator-dubbo,737f7a7ea67832d7f17517326fb2491d0a086dd7,incubator-dubbo-dubbo-rpc-dubbo-rpc-dubbo,org.apache.dubbo.rpc.protocol.dubbo.telnet.ChangeTelnetHandlerTest.testChangeServiceNotExport,Y,Y,N,N
https://github.com/apache/incubator-dubbo,737f7a7ea67832d7f17517326fb2491d0a086dd7,incubator-dubbo-dubbo-rpc-dubbo-rpc-dubbo,org.apache.dubbo.rpc.protocol.dubbo.telnet.PortTelnetHandlerTest.testListAllPort,Y,Y,N,N
https://github.com/apache/incubator-dubbo,737f7a7ea67832d7f17517326fb2491d0a086dd7,incubator-dubbo-dubbo-rpc-dubbo-rpc-dubbo,org.apache.dubbo.rpc.protocol.dubbo.telnet.PortTelnetHandlerTest.testListDetail,Y,Y,N,N
https://github.com/apache/incubator-dubbo,737f7a7ea67832d7f17517326fb2491d0a086dd7,incubator-dubbo-dubbo-serialization-dubbo-serialization-fst,org.apache.dubbo.common.serialize.fst.FstObjectInputTest.testEmptyByteArrayForEmptyInput,Y,Y,N,N
https://github.com/apache/jackrabbit-oak,11985b3fbbd4f7f39dfaf368b01b5e0c67a32f0d,jackrabbit-oak-oak-core,org.apache.jackrabbit.oak.plugins.index.property.OrderedPropertyIndexProviderTest.multipleQueryRuns,Y,N,N,N
https://github.com/apache/jackrabbit-oak,11985b3fbbd4f7f39dfaf368b01b5e0c67a32f0d,jackrabbit-oak-oak-core,org.apache.jackrabbit.oak.plugins.index.property.OrderedPropertyIndexProviderTest.singleQueryRun,N,N,N,N
https://github.com/apache/struts,13d9053050c9e4fb2ef049db6a37d3f6eebf48fa,Struts-plugins-portlet,org.apache.struts2.portlet.dispatcher.Jsr168DispatcherTest.testProcessAction_ok,Y,Y,N,N
https://github.com/apache/struts,13d9053050c9e4fb2ef049db6a37d3f6eebf48fa,Struts-plugins-portlet,org.apache.struts2.portlet.dispatcher.Jsr168DispatcherTest.testRender_ok,Y,Y,N,N
https://github.com/apache/struts,13d9053050c9e4fb2ef049db6a37d3f6eebf48fa,Struts-plugins-portlet,org.apache.struts2.portlet.dispatcher.Jsr286DispatcherTest.testProcessAction_ok,Y,Y,N,N
https://github.com/apache/struts,13d9053050c9e4fb2ef049db6a37d3f6eebf48fa,Struts-plugins-portlet,org.apache.struts2.portlet.dispatcher.Jsr286DispatcherTest.testRender_ok,Y,Y,N,N
https://github.com/apache/wss4j,5f8fce9bcffc63f2b390a04308c14d541f735485,wss4j-ws-security-stax,org.apache.wss4j.stax.test.saml.CustomContentsTest.testSubjectConfirmationDataExtensibility,N,N,N,N
https://github.com/apache/wss4j,5f8fce9bcffc63f2b390a04308c14d541f735485,wss4j-ws-security-stax,org.apache.wss4j.stax.test.saml.SAMLTokenTest.testSAML2AttrAssertionCustomAttributeOutbound,N,N,N,N
https://github.com/apereo-learning-analytics-initiative/openlrw,e1002e3273294a65d1354f61d854e3d6a343fd73,OpenLRW,unicon.matthews.event.service.EventServiceTest.testGetEventsForClassAndUser,N,N,N,N
https://github.com/bsc-wdc/compss,08094e37c8022c6aa3fb0817f465367762a9a0f7,compss-compss-runtime-scheduler-commons,es.bsc.compss.types.allocatiableaction.AllocatableActionTest.testEndSuccessors,N,N,N,N
https://github.com/ctco/cukes,b483e1a8f261b80a66291a42fc455256b0b5059c,cukes-cukes-http,lv.ctco.cukes.http.facade.HttpAssertionFacadeImplTest.shouldReturnBodyWhenEnabledAndNoMax,N,N,N,N
https://github.com/dropwizard/dropwizard,07dfaed697427e208d65049f80a5d1949833b7cd,dropwizard-dropwizard-logging,io.dropwizard.logging.DefaultLoggingFactoryPrintErrorMessagesTest.testLogbackStatusPrinterPrintStreamIsRestoredToSystemOut,Y,Y,N,N
https://github.com/elasticjob/elastic-job-lite,b022898ef1b8c984e17efb2a422ee45f6b13e46e,elastic-job-lite-elastic-job-lite-core,io.elasticjob.lite.event.rdb.JobEventRdbSearchTest.assertFindJobStatusTraceEventsWithTime,N,N,N,N
https://github.com/elasticjob/elastic-job-lite,b022898ef1b8c984e17efb2a422ee45f6b13e46e,elastic-job-lite-elastic-job-lite-core,io.elasticjob.lite.internal.failover.FailoverServiceTest.assertGetLocalFailoverItemsIfShutdown,N,N,N,N
https://github.com/elasticjob/elastic-job-lite,b022898ef1b8c984e17efb2a422ee45f6b13e46e,elastic-job-lite-elastic-job-lite-core,io.elasticjob.lite.internal.instance.ShutdownListenerManagerTest.assertIsShutdownAlready,Y,N,N,N
https://github.com/elasticjob/elastic-job-lite,b022898ef1b8c984e17efb2a422ee45f6b13e46e,elastic-job-lite-elastic-job-lite-core,io.elasticjob.lite.internal.instance.TriggerListenerManagerTest.assertTriggerWhenJobIsNotRunning,N,N,N,N
https://github.com/elasticjob/elastic-job-lite,b022898ef1b8c984e17efb2a422ee45f6b13e46e,elastic-job-lite-elastic-job-lite-core,io.elasticjob.lite.internal.schedule.JobRegistryTest.assertGetCurrentShardingTotalCountIfNull,N,N,N,N
https://github.com/elasticjob/elastic-job-lite,b022898ef1b8c984e17efb2a422ee45f6b13e46e,elastic-job-lite-elastic-job-lite-core,io.elasticjob.lite.internal.sharding.ShardingListenerManagerTest.assertListenServersChangedJobListenerWhenIsInstanceChangeButJobInstanceIsShutdown,N,N,N,N
https://github.com/elasticjob/elastic-job-lite,b022898ef1b8c984e17efb2a422ee45f6b13e46e,elastic-job-lite-elastic-job-lite-core,io.elasticjob.lite.reg.zookeeper.ZookeeperRegistryCenterModifyTest.assertPersistEphemeralSequential,N,N,N,N
https://github.com/espertechinc/esper,590fa9c9eb854f1420b9d337b802aca19f963cc0,esper-runtime,com.espertech.esper.runtime.internal.schedulesvcimpl.TestSchedulingServiceImpl.testTrigger,N,N,N,N
https://github.com/fhoeben/hsac-fitnesse-fixtures,a64c18d9c4bac8271275c7b089d40be20f0604b5,hsac-fitnesse-fixtures,nl.hsac.fitnesse.fixture.slim.FileFixtureTest.testDelete,N,N,N,N
https://github.com/fromage/redpipe,0aff891d6befdf0dcc2bdbfda22262cdf82ac66f,redpipe-redpipe-service-discovery,net.redpipe.discovery.DiscoveryTest.checkWebClient,N,N,N,N
https://github.com/jfree/jfreechart,520a4be69ba932061ab9b89f328842caf152e1d9,jfreechart,org.jfree.data.time.DayTest.testParseDay,Y,Y,N,N
https://github.com/jhipster/jhipster-registry,00db36611da5fc7aaf9d5372aa90f2465d80c0c4,jhipster-registry,io.github.jhipster.registry.web.rest.AccountResourceTest.testGetUnknownAccount,N,N,N,N
https://github.com/kevinsawicki/http-request,2d62a3e9da726942a93cf16b6e91c0187e6c0136,http-request-lib,com.github.kevinsawicki.http.HttpRequestTest.basicProxyAuthentication,Y,N,N,N
https://github.com/kevinsawicki/http-request,2d62a3e9da726942a93cf16b6e91c0187e6c0136,http-request-lib,com.github.kevinsawicki.http.HttpRequestTest.deleteWithEscapedMappedQueryParams,Y,N,N,N
https://github.com/kevinsawicki/http-request,2d62a3e9da726942a93cf16b6e91c0187e6c0136,http-request-lib,com.github.kevinsawicki.http.HttpRequestTest.deleteWithEscapedVarargsQueryParams,Y,N,N,N
https://github.com/kevinsawicki/http-request,2d62a3e9da726942a93cf16b6e91c0187e6c0136,http-request-lib,com.github.kevinsawicki.http.HttpRequestTest.deleteWithMappedQueryParams,Y,N,N,N
https://github.com/kevinsawicki/http-request,2d62a3e9da726942a93cf16b6e91c0187e6c0136,http-request-lib,com.github.kevinsawicki.http.HttpRequestTest.deleteWithVarargsQueryParams,Y,N,N,N
https://github.com/kevinsawicki/http-request,2d62a3e9da726942a93cf16b6e91c0187e6c0136,http-request-lib,com.github.kevinsawicki.http.HttpRequestTest.getUrlEncodedWithPercent,Y,N,N,N
https://github.com/kevinsawicki/http-request,2d62a3e9da726942a93cf16b6e91c0187e6c0136,http-request-lib,com.github.kevinsawicki.http.HttpRequestTest.getUrlEncodedWithSpace,Y,N,N,N
https://github.com/kevinsawicki/http-request,2d62a3e9da726942a93cf16b6e91c0187e6c0136,http-request-lib,com.github.kevinsawicki.http.HttpRequestTest.getUrlEncodedWithUnicode,Y,N,N,N
https://github.com/kevinsawicki/http-request,2d62a3e9da726942a93cf16b6e91c0187e6c0136,http-request-lib,com.github.kevinsawicki.http.HttpRequestTest.getWithEscapedMappedQueryParams,Y,N,N,N
https://github.com/kevinsawicki/http-request,2d62a3e9da726942a93cf16b6e91c0187e6c0136,http-request-lib,com.github.kevinsawicki.http.HttpRequestTest.getWithEscapedVarargsQueryParams,Y,N,N,N
https://github.com/kevinsawicki/http-request,2d62a3e9da726942a93cf16b6e91c0187e6c0136,http-request-lib,com.github.kevinsawicki.http.HttpRequestTest.getWithMappedQueryParams,Y,N,N,N
https://github.com/kevinsawicki/http-request,2d62a3e9da726942a93cf16b6e91c0187e6c0136,http-request-lib,com.github.kevinsawicki.http.HttpRequestTest.getWithVarargsQueryParams,Y,N,N,N
https://github.com/kevinsawicki/http-request,2d62a3e9da726942a93cf16b6e91c0187e6c0136,http-request-lib,com.github.kevinsawicki.http.HttpRequestTest.headWithEscapedMappedQueryParams,Y,N,N,N
https://github.com/kevinsawicki/http-request,2d62a3e9da726942a93cf16b6e91c0187e6c0136,http-request-lib,com.github.kevinsawicki.http.HttpRequestTest.headWithEscapedVarargsQueryParams,Y,N,N,N
https://github.com/kevinsawicki/http-request,2d62a3e9da726942a93cf16b6e91c0187e6c0136,http-request-lib,com.github.kevinsawicki.http.HttpRequestTest.headWithMappedQueryParams,Y,N,N,N
https://github.com/kevinsawicki/http-request,2d62a3e9da726942a93cf16b6e91c0187e6c0136,http-request-lib,com.github.kevinsawicki.http.HttpRequestTest.headWithVaragsQueryParams,Y,N,N,N
https://github.com/kevinsawicki/http-request,2d62a3e9da726942a93cf16b6e91c0187e6c0136,http-request-lib,com.github.kevinsawicki.http.HttpRequestTest.postWithEscapedMappedQueryParams,Y,N,N,N
https://github.com/kevinsawicki/http-request,2d62a3e9da726942a93cf16b6e91c0187e6c0136,http-request-lib,com.github.kevinsawicki.http.HttpRequestTest.postWithEscapedVarargsQueryParams,Y,N,N,N
https://github.com/kevinsawicki/http-request,2d62a3e9da726942a93cf16b6e91c0187e6c0136,http-request-lib,com.github.kevinsawicki.http.HttpRequestTest.postWithMappedQueryParams,Y,N,N,N
https://github.com/kevinsawicki/http-request,2d62a3e9da726942a93cf16b6e91c0187e6c0136,http-request-lib,com.github.kevinsawicki.http.HttpRequestTest.postWithNumericQueryParams,Y,N,N,N
https://github.com/kevinsawicki/http-request,2d62a3e9da726942a93cf16b6e91c0187e6c0136,http-request-lib,com.github.kevinsawicki.http.HttpRequestTest.postWithVaragsQueryParams,Y,N,N,N
https://github.com/kevinsawicki/http-request,2d62a3e9da726942a93cf16b6e91c0187e6c0136,http-request-lib,com.github.kevinsawicki.http.HttpRequestTest.putWithEscapedMappedQueryParams,Y,N,N,N
https://github.com/kevinsawicki/http-request,2d62a3e9da726942a93cf16b6e91c0187e6c0136,http-request-lib,com.github.kevinsawicki.http.HttpRequestTest.putWithEscapedVarargsQueryParams,Y,N,N,N
https://github.com/kevinsawicki/http-request,2d62a3e9da726942a93cf16b6e91c0187e6c0136,http-request-lib,com.github.kevinsawicki.http.HttpRequestTest.putWithMappedQueryParams,Y,N,N,N
https://github.com/kevinsawicki/http-request,2d62a3e9da726942a93cf16b6e91c0187e6c0136,http-request-lib,com.github.kevinsawicki.http.HttpRequestTest.putWithVarargsQueryParams,Y,N,N,N
https://github.com/kevinsawicki/http-request,2d62a3e9da726942a93cf16b6e91c0187e6c0136,http-request-lib,com.github.kevinsawicki.http.HttpRequestTest.singleSslSocketFactory,Y,N,N,N
https://github.com/kevinsawicki/http-request,2d62a3e9da726942a93cf16b6e91c0187e6c0136,http-request-lib,com.github.kevinsawicki.http.HttpRequestTest.singleVerifier,Y,N,N,N
https://github.com/kevinsawicki/http-request,2d62a3e9da726942a93cf16b6e91c0187e6c0136,http-request-lib,com.github.kevinsawicki.http.HttpRequestTest.verifierAccepts,Y,N,N,N
https://github.com/konkerlabs/konker-platform,cb99542554b87d7f44a9d2866eb6e85488a9e008,konker-platform-konker.registry.services.core,com.konkerlabs.platform.registry.test.business.services.TenantServiceTest.shouldFindTenantDailyUsage,N,N,N,N
https://github.com/ktuukkan/marine-api,af0003847db9ba822f67d4f1dceb8de3fe63250a,marine-api,net.sf.marineapi.ais.event.AbstractAISMessageListenerTest.testSequenceListenerWithIncorrectOrder,N,N,N,N
https://github.com/ktuukkan/marine-api,af0003847db9ba822f67d4f1dceb8de3fe63250a,marine-api,net.sf.marineapi.ais.parser.AISMessageFactoryTest.testCreateWithTwo,N,N,N,N
https://github.com/openhft/chronicle-wire,bd93763240adec7cd867b8932c144f6be3f67f6f,Chronicle-Wire,net.openhft.chronicle.wire.TextWireTest.testSingleQuote,N,N,N,N
https://github.com/openpojo/openpojo,9badbcc4593e797accfed5e51bec9f2b843f0f67,openpojo,com.openpojo.issues.issue112.IssueTest.shouldNotFail,N,N,N,N
https://github.com/openpojo/openpojo,9badbcc4593e797accfed5e51bec9f2b843f0f67,openpojo,com.openpojo.validation.test.impl.GetterTesterTest.shouldSuccessfullyValidateEvenIfLoggingFails,N,N,N,N
https://github.com/openpojo/openpojo,9badbcc4593e797accfed5e51bec9f2b843f0f67,openpojo,com.openpojo.validation.test.impl.SerializableTesterTest.shouldSkipOverNonSerializableClass,N,N,N,N
https://github.com/openpojo/openpojo,9badbcc4593e797accfed5e51bec9f2b843f0f67,openpojo,com.openpojo.validation.test.impl.SetterTesterTest.shouldSuccessfullyValidateEvenIfLoggingFails,N,N,N,N
https://github.com/openpojo/openpojo,9badbcc4593e797accfed5e51bec9f2b843f0f67,openpojo,com.openpojo.validation.utils.ValidationHelperTest.shouldReportMissingASMProperly,N,N,N,N
https://github.com/pholser/junit-quickcheck,9361b6dae25b193782604d071754eb7fc566390a,junit-quickcheck-guava,com.pholser.junit.quickcheck.guava.generator.FunctionPropertyParameterTypesTest.arrayOfFunction,N,N,N,N
https://github.com/piccolo2d/piccolo2d.java,052d9ea65d354d0f9f0ee4cd85f039d96ad2d2ac,piccolo2d.java-core,org.piccolo2d.POffscreenCanvasTest.testRenderEmptyOpaqueNullBackgroundColor,N,N,N,N
https://github.com/ralscha/sse-eventbus,b2352d9067bb9150c50e493f47a73e2238cb08a9,sse-eventbus,ch.rasc.sse.eventbus.IntegrationTest.testClientExpiration,N,N,N,N
https://github.com/safechargeinternational/safecharge-java,00942fd6c63cef3f5604c91babbb27ad16916560,safecharge-java,com.safecharge.test.workflow.APMWorkflowTest.test2_openOrder,N,N,N,N
https://github.com/safechargeinternational/safecharge-java,00942fd6c63cef3f5604c91babbb27ad16916560,safecharge-java,com.safecharge.test.workflow.APMWorkflowTest.test3_updateOrder,N,N,N,N
https://github.com/safechargeinternational/safecharge-java,00942fd6c63cef3f5604c91babbb27ad16916560,safecharge-java,com.safecharge.test.workflow.APMWorkflowTest.test4_getOrderDetails,N,N,N,N
https://github.com/safechargeinternational/safecharge-java,00942fd6c63cef3f5604c91babbb27ad16916560,safecharge-java,com.safecharge.test.workflow.APMWorkflowTest.test5_paymentAPM,N,N,N,N
https://github.com/safechargeinternational/safecharge-java,00942fd6c63cef3f5604c91babbb27ad16916560,safecharge-java,com.safecharge.test.workflow.CreditCardWorkflowTest.test3_updateOrder,N,N,N,N
https://github.com/safechargeinternational/safecharge-java,00942fd6c63cef3f5604c91babbb27ad16916560,safecharge-java,com.safecharge.test.workflow.CreditCardWorkflowTest.test4_getOrderDetails,N,N,N,N
https://github.com/safechargeinternational/safecharge-java,00942fd6c63cef3f5604c91babbb27ad16916560,safecharge-java,com.safecharge.test.workflow.CreditCardWorkflowTest.test5_paymentCC,N,N,N,N
https://github.com/spring-projects/spring-boot,daa3d457b71896a758995c264977bdd1414ee4d4,spring-boot-spring-boot-project-spring-boot-test-autoconfigure,org.springframework.boot.test.autoconfigure.web.servlet.mockmvc.WebMvcTestWebDriverCustomScopeIntegrationTests.shouldBeTheSameWebClient,N,N,N,Y
https://github.com/spring-projects/spring-boot,daa3d457b71896a758995c264977bdd1414ee4d4,spring-boot-spring-boot-project-spring-boot-test-autoconfigure,org.springframework.boot.test.autoconfigure.web.servlet.mockmvc.WebMvcTestWebDriverIntegrationTests.shouldBeADifferentWebClient,N,N,N,Y
https://github.com/spring-projects/spring-data-envers,5637994be37747e82b2d6d5b34555e2bee791fe6,spring-data-envers,org.springframework.data.envers.repository.support.QueryDslRepositoryIntegrationTests.testWithRevisions,N,N,N,N
https://github.com/spring-projects/spring-ws,e8d89c9eb0929dda304174729c9c69fb29f448eb,spring-ws-spring-ws-security,org.springframework.ws.soap.security.xwss.callback.SpringDigestPasswordValidationCallbackHandlerTest.testAuthenticateUserDigestUserNotFound,N,N,N,N
https://github.com/spring-projects/spring-ws,e8d89c9eb0929dda304174729c9c69fb29f448eb,spring-ws-spring-ws-security,org.springframework.ws.soap.security.xwss.callback.SpringDigestPasswordValidationCallbackHandlerTest.testAuthenticateUserDigestValidInvalid,N,N,N,N
https://github.com/sumologic/sumo-log4j-appender,7023b6b979114c18b14f4d42774e1dddd914d679,sumo-log4j-appender,com.sumologic.log4j.SumoLogicAppenderTest.testLegacy,N,N,N,N
https://github.com/tbsalling/aismessages,7b0c4c708b6bb9a6da3d5737bcad1857ade8a931,aismessages,dk.tbsalling.aismessages.nmea.NMEAMessageHandlerTest.canHandleFragmentedMessageReceived,N,N,N,N
https://github.com/tbsalling/aismessages,7b0c4c708b6bb9a6da3d5737bcad1857ade8a931,aismessages,dk.tbsalling.aismessages.nmea.NMEAMessageHandlerTest.canHandleUnfragmentedMessageReceived,N,N,N,N
https://github.com/thinkaurelius/titan,ee226e52415b8bf43b700afac75fa5b9767993a5,titan-titan-test,com.thinkaurelius.titan.diskstorage.configuration.ConfigurationTest.testDisableConfOptReflection,N,N,N,N
https://github.com/tools4j/unix4j,367da7d262e682a08577cdf19ebbbdd8a46870fe,unix4j-unix4j-core-unix4j-command,org.unix4j.unix.FindFileTimeDependentTest.find_fileCreatedBeforeNow,N,N,N,N
https://github.com/undertow-io/undertow,d0efffad5d2034bb07525cac9b299dac72c3045d,undertow-websockets-jsr,io.undertow.websockets.jsr.test.annotated.AnnotatedEndpointTest.testCloseReason,Y,Y,N,N
https://github.com/vmware/admiral,e4b02936cc7d4ff2714e7231db0c4373ba5d48a2,admiral-adapter-docker,com.vmware.admiral.adapter.docker.service.DockerHostAdapterServiceTest.testListContainersWithCallBack,N,N,N,N
https://github.com/vmware/admiral,e4b02936cc7d4ff2714e7231db0c4373ba5d48a2,admiral-adapter-docker,com.vmware.admiral.adapter.docker.service.DockerNetworkAdapterServiceTest.testNetworkCreation,N,N,N,N
https://github.com/vmware/admiral,e4b02936cc7d4ff2714e7231db0c4373ba5d48a2,admiral-adapter-registry,com.vmware.admiral.adapter.registry.service.RegistryAdapterServiceProxyTest.testWithProxyNoList,N,N,N,N
https://github.com/wikidata/wikidata-toolkit,20de6f7f12319f54eb962ff6e8357b3f5695d54d,Wikidata-Toolkit-wdtk-dumpfiles,org.wikidata.wdtk.dumpfiles.MwDumpFileProcessingTest.testMwDailyDumpFileProcessing,N,N,N,N
https://github.com/wikidata/wikidata-toolkit,20de6f7f12319f54eb962ff6e8357b3f5695d54d,Wikidata-Toolkit-wdtk-dumpfiles,org.wikidata.wdtk.dumpfiles.MwDumpFileProcessingTest.testMwMostRecentFullDumpFileProcessing,N,N,N,N
https://github.com/wikidata/wikidata-toolkit,20de6f7f12319f54eb962ff6e8357b3f5695d54d,Wikidata-Toolkit-wdtk-dumpfiles,org.wikidata.wdtk.dumpfiles.MwDumpFileProcessingTest.testMwRecentCurrentDumpFileProcessing,N,N,N,N
https://github.com/wikidata/wikidata-toolkit,20de6f7f12319f54eb962ff6e8357b3f5695d54d,Wikidata-Toolkit-wdtk-util,org.wikidata.wdtk.util.DirectoryManagerFactoryTest.createDefaultDirectoryManagerPath,N,N,N,N
https://github.com/wikidata/wikidata-toolkit,20de6f7f12319f54eb962ff6e8357b3f5695d54d,Wikidata-Toolkit-wdtk-util,org.wikidata.wdtk.util.DirectoryManagerFactoryTest.createDirectoryManagerIoException,N,N,N,N
https://github.com/wildfly/wildfly,b19048b72669fc0e96665b1b125dc1fda21f5993,wildfly-naming,org.jboss.as.naming.InitialContextFactoryTestCase.testInitialFactory,Y,Y,N,N
https://github.com/wildfly/wildfly,b19048b72669fc0e96665b1b125dc1fda21f5993,wildfly-naming,org.jboss.as.naming.InitialContextFactoryTestCase.testJavaContext,Y,Y,N,N
https://github.com/wildfly/wildfly,b19048b72669fc0e96665b1b125dc1fda21f5993,wildfly-naming,org.jboss.as.naming.InitialContextTestCase.testRegisterURLSchemeHandler,Y,Y,N,N
https://github.com/wildfly/wildfly,b19048b72669fc0e96665b1b125dc1fda21f5993,wildfly-naming,org.jboss.as.naming.NamingContextTestCase.testBind,Y,Y,N,N
https://github.com/wildfly/wildfly,b19048b72669fc0e96665b1b125dc1fda21f5993,wildfly-naming,org.jboss.as.naming.NamingContextTestCase.testBindReferenceable,Y,Y,N,N
https://github.com/wildfly/wildfly,b19048b72669fc0e96665b1b125dc1fda21f5993,wildfly-naming,org.jboss.as.naming.NamingContextTestCase.testCreateSubcontext,Y,Y,N,N
https://github.com/wildfly/wildfly,b19048b72669fc0e96665b1b125dc1fda21f5993,wildfly-naming,org.jboss.as.naming.NamingContextTestCase.testListBindingsNameNotFound,Y,Y,N,N
https://github.com/wildfly/wildfly,b19048b72669fc0e96665b1b125dc1fda21f5993,wildfly-naming,org.jboss.as.naming.NamingContextTestCase.testListBindings,Y,Y,N,N
https://github.com/wildfly/wildfly,b19048b72669fc0e96665b1b125dc1fda21f5993,wildfly-naming,org.jboss.as.naming.NamingContextTestCase.testListBindingsWithContinuation,Y,Y,N,N
https://github.com/wildfly/wildfly,b19048b72669fc0e96665b1b125dc1fda21f5993,wildfly-naming,org.jboss.as.naming.NamingContextTestCase.testListNameNotFound,Y,Y,N,N
https://github.com/wildfly/wildfly,b19048b72669fc0e96665b1b125dc1fda21f5993,wildfly-naming,org.jboss.as.naming.NamingContextTestCase.testList,Y,Y,N,N
https://github.com/wildfly/wildfly,b19048b72669fc0e96665b1b125dc1fda21f5993,wildfly-naming,org.jboss.as.naming.NamingContextTestCase.testListWithContinuation,Y,Y,N,N
https://github.com/wildfly/wildfly,b19048b72669fc0e96665b1b125dc1fda21f5993,wildfly-naming,org.jboss.as.naming.NamingContextTestCase.testLookupContextLink,Y,Y,N,N
https://github.com/wildfly/wildfly,b19048b72669fc0e96665b1b125dc1fda21f5993,wildfly-naming,org.jboss.as.naming.NamingContextTestCase.testLookupEmptyName,Y,Y,N,N
https://github.com/wildfly/wildfly,b19048b72669fc0e96665b1b125dc1fda21f5993,wildfly-naming,org.jboss.as.naming.NamingContextTestCase.testLookupLink,Y,Y,N,N
https://github.com/wildfly/wildfly,b19048b72669fc0e96665b1b125dc1fda21f5993,wildfly-naming,org.jboss.as.naming.NamingContextTestCase.testLookupNameNotFound,Y,Y,N,N
https://github.com/wildfly/wildfly,b19048b72669fc0e96665b1b125dc1fda21f5993,wildfly-naming,org.jboss.as.naming.NamingContextTestCase.testLookup,Y,Y,N,N
https://github.com/wildfly/wildfly,b19048b72669fc0e96665b1b125dc1fda21f5993,wildfly-naming,org.jboss.as.naming.NamingContextTestCase.testLookupReference,Y,Y,N,N
https://github.com/wildfly/wildfly,b19048b72669fc0e96665b1b125dc1fda21f5993,wildfly-naming,org.jboss.as.naming.NamingContextTestCase.testLookupWithContinuation,Y,Y,N,N
https://github.com/wildfly/wildfly,b19048b72669fc0e96665b1b125dc1fda21f5993,wildfly-naming,org.jboss.as.naming.NamingContextTestCase.testLookupWitResolveResult,Y,Y,N,N
https://github.com/wildfly/wildfly,b19048b72669fc0e96665b1b125dc1fda21f5993,wildfly-naming,org.jboss.as.naming.NamingContextTestCase.testRebind,Y,Y,N,N
https://github.com/wildfly/wildfly,b19048b72669fc0e96665b1b125dc1fda21f5993,wildfly-naming,org.jboss.as.naming.NamingContextTestCase.testRebindReferenceable,Y,Y,N,N
https://github.com/wildfly/wildfly,b19048b72669fc0e96665b1b125dc1fda21f5993,wildfly-naming,org.jboss.as.naming.NamingContextTestCase.testUnbind,Y,Y,N,N
https://github.com/wildfly/wildfly,b19048b72669fc0e96665b1b125dc1fda21f5993,wildfly-naming,org.jboss.as.naming.NamingEventCoordinatorTestCase.testFireAllEvent,Y,Y,N,N
https://github.com/wildfly/wildfly,b19048b72669fc0e96665b1b125dc1fda21f5993,wildfly-naming,org.jboss.as.naming.NamingEventCoordinatorTestCase.testFireMultiLevelEvent,Y,Y,N,N
https://github.com/wildfly/wildfly,b19048b72669fc0e96665b1b125dc1fda21f5993,wildfly-naming,org.jboss.as.naming.NamingEventCoordinatorTestCase.testFireObjectEvent,Y,Y,N,N
https://github.com/wildfly/wildfly,b19048b72669fc0e96665b1b125dc1fda21f5993,wildfly-naming,org.jboss.as.naming.NamingEventCoordinatorTestCase.testFireOneLevelEvent,Y,Y,N,N
https://github.com/wildfly/wildfly,b19048b72669fc0e96665b1b125dc1fda21f5993,wildfly-naming,org.jboss.as.naming.NamingEventCoordinatorTestCase.testFireSubTreeEvent,Y,Y,N,N
https://github.com/wildfly/wildfly,b19048b72669fc0e96665b1b125dc1fda21f5993,wildfly-naming,org.jboss.as.naming.ObjectFactoryTestCase.testBindAndRetrieveObjectFactoryFromInitialContext,Y,Y,N,N
https://github.com/wildfly/wildfly,b19048b72669fc0e96665b1b125dc1fda21f5993,wildfly-naming,org.jboss.as.naming.ObjectFactoryTestCase.testBindAndRetrieveObjectFactoryFromNamingContext,Y,Y,N,N
https://github.com/wildfly/wildfly,b19048b72669fc0e96665b1b125dc1fda21f5993,wildfly-naming,org.jboss.as.naming.ServiceBasedNamingStoreTestCase.testListBindings,Y,Y,N,N
https://github.com/wildfly/wildfly,b19048b72669fc0e96665b1b125dc1fda21f5993,wildfly-naming,org.jboss.as.naming.ServiceBasedNamingStoreTestCase.testLookupBinding,Y,Y,N,N
https://github.com/wildfly/wildfly,b19048b72669fc0e96665b1b125dc1fda21f5993,wildfly-naming,org.jboss.as.naming.ServiceBasedNamingStoreTestCase.testLookupBindingUsingNestedContext,Y,Y,N,N
https://github.com/wildfly/wildfly,b19048b72669fc0e96665b1b125dc1fda21f5993,wildfly-naming,org.jboss.as.naming.ServiceBasedNamingStoreTestCase.testStoredContext,Y,Y,N,N
https://github.com/wildfly/wildfly,b19048b72669fc0e96665b1b125dc1fda21f5993,wildfly-naming,org.jboss.as.naming.subsystem.NamingSubsystemTestCase.testCompositeBindingOps,Y,Y,N,N
https://github.com/wildfly/wildfly,b19048b72669fc0e96665b1b125dc1fda21f5993,wildfly-naming,org.jboss.as.naming.subsystem.NamingSubsystemTestCase.testCompositeBindingUpdate,Y,Y,N,N
https://github.com/wildfly/wildfly,b19048b72669fc0e96665b1b125dc1fda21f5993,wildfly-naming,org.jboss.as.naming.subsystem.NamingSubsystemTestCase.testOnlyExternalContextAllowsCache,Y,Y,N,N
https://github.com/wildfly/wildfly,b19048b72669fc0e96665b1b125dc1fda21f5993,wildfly-naming,org.jboss.as.naming.subsystem.NamingSubsystemTestCase.testRejectionsEAP6,Y,Y,N,N
https://github.com/wildfly/wildfly,b19048b72669fc0e96665b1b125dc1fda21f5993,wildfly-naming,org.jboss.as.naming.subsystem.NamingSubsystemTestCase.testRejectionsEAP7,Y,Y,N,N
https://github.com/wildfly/wildfly,b19048b72669fc0e96665b1b125dc1fda21f5993,wildfly-naming,org.jboss.as.naming.subsystem.NamingSubsystemTestCase.testSubsystem,Y,Y,N,N
https://github.com/wildfly/wildfly,b19048b72669fc0e96665b1b125dc1fda21f5993,wildfly-naming,org.jboss.as.naming.WritableServiceBasedNamingStoreTestCase.testBindNested,Y,Y,N,N
https://github.com/wildfly/wildfly,b19048b72669fc0e96665b1b125dc1fda21f5993,wildfly-naming,org.jboss.as.naming.WritableServiceBasedNamingStoreTestCase.testBind,Y,Y,N,N
https://github.com/wildfly/wildfly,b19048b72669fc0e96665b1b125dc1fda21f5993,wildfly-naming,org.jboss.as.naming.WritableServiceBasedNamingStoreTestCase.testPermissions,Y,Y,N,N
https://github.com/wildfly/wildfly,b19048b72669fc0e96665b1b125dc1fda21f5993,wildfly-naming,org.jboss.as.naming.WritableServiceBasedNamingStoreTestCase.testRebind,Y,Y,N,N
